recordType,valid,arm,pane,rep,at,openMs,prepareCfcMs,prepareCfcCalls,prepareForCommitMs,prepareForCommitCalls,bubbles,contentHash,expectedHash,readiness,harness,configCaptureMs,configHash,configProtocol,uptimeBefore,uptimeAfter,personHash,threadHash,runtimeHead,expectedWorkerSha256,instrumentationSha256,toolshed,error,errors,networkFailures
diagnostic,True,t4,header,phase6nodes-nodes,2026-09-15T06:28:45.633Z,946,471.9000000245869,963,482.19999999925494,2786,50,043cd612f9658f02c496cf28ee535aec40cb5e25c0405e6414f6e72f84b15d28,043cd612f9658f02c496cf28ee535aec40cb5e25c0405e6414f6e72f84b15d28,visible source counts then runtime idle,request-failure-diagnostics,227.20545900000002,2302c51842be6d2f922dc77db9cff5ecba81a086c00722bf9bf6bb616d59ab5d,actual config captured once before mount; replayed only until runtime idle,"23:28  up 9 hrs, 14 users, load averages: 11.60 12.40 12.31","23:28  up 9 hrs, 14 users, load averages: 11.76 12.40 12.31",6d1a4f64619b196620b3653934997f488bc38cd79cd4a0248b89fa1bb0ed49c0,417cb930f1689ce0596e1e7f96fb75bcd0f87f3fb165cfd359cbc62c5ca86582,4b2b207e41347f70f7f4620e1277903b145364a6,caa0adec3aa9d24c4d1deb8181badc2ddbd0643ac2b65df30021568bbdac8acc,1b41ad963ec6b6f1d8bb05d78366bd0fa0da7e6f202402a8068af8907d2bcfa4,"PID STARTED
83088 Mon Sep 14 15:22:33 2026",,[],[]
timing,True,t4,header,phase6-1,2026-09-15T06:29:59.383Z,808.3000000007451,397.4000000245869,959,405.40000001713634,2770,50,043cd612f9658f02c496cf28ee535aec40cb5e25c0405e6414f6e72f84b15d28,043cd612f9658f02c496cf28ee535aec40cb5e25c0405e6414f6e72f84b15d28,visible source counts then runtime idle,request-failure-diagnostics,260.94670799999994,2302c51842be6d2f922dc77db9cff5ecba81a086c00722bf9bf6bb616d59ab5d,actual config captured once before mount; replayed only until runtime idle,"23:29  up  9:01, 14 users, load averages: 18.07 13.73 12.79","23:30  up  9:01, 14 users, load averages: 18.23 13.84 12.83",6d1a4f64619b196620b3653934997f488bc38cd79cd4a0248b89fa1bb0ed49c0,417cb930f1689ce0596e1e7f96fb75bcd0f87f3fb165cfd359cbc62c5ca86582,4b2b207e41347f70f7f4620e1277903b145364a6,caa0adec3aa9d24c4d1deb8181badc2ddbd0643ac2b65df30021568bbdac8acc,1b41ad963ec6b6f1d8bb05d78366bd0fa0da7e6f202402a8068af8907d2bcfa4,"PID STARTED
83088 Mon Sep 14 15:22:33 2026",,[],[]
timing,True,t4,cf-person-inbox,phase6-1,2026-09-15T06:30:06.449Z,106.5,8,1,8.900000002235174,22,50,043cd612f9658f02c496cf28ee535aec40cb5e25c0405e6414f6e72f84b15d28,043cd612f9658f02c496cf28ee535aec40cb5e25c0405e6414f6e72f84b15d28,visible source counts then runtime idle,request-failure-diagnostics,235.05170799999996,2302c51842be6d2f922dc77db9cff5ecba81a086c00722bf9bf6bb616d59ab5d,actual config captured once before mount; replayed only until runtime idle,"23:30  up  9:01, 14 users, load averages: 18.23 13.84 12.83","23:30  up  9:01, 14 users, load averages: 17.41 13.74 12.80",6d1a4f64619b196620b3653934997f488bc38cd79cd4a0248b89fa1bb0ed49c0,417cb930f1689ce0596e1e7f96fb75bcd0f87f3fb165cfd359cbc62c5ca86582,4b2b207e41347f70f7f4620e1277903b145364a6,caa0adec3aa9d24c4d1deb8181badc2ddbd0643ac2b65df30021568bbdac8acc,1b41ad963ec6b6f1d8bb05d78366bd0fa0da7e6f202402a8068af8907d2bcfa4,"PID STARTED
83088 Mon Sep 14 15:22:33 2026",,[],[]
timing,True,t6,header,phase6-1,2026-09-15T06:30:09.720Z,797.7000000029802,350.9999999627471,959,359.3999999500811,2770,50,043cd612f9658f02c496cf28ee535aec40cb5e25c0405e6414f6e72f84b15d28,043cd612f9658f02c496cf28ee535aec40cb5e25c0405e6414f6e72f84b15d28,visible source counts then runtime idle,request-failure-diagnostics,248.10216599999995,2302c51842be6d2f922dc77db9cff5ecba81a086c00722bf9bf6bb616d59ab5d,actual config captured once before mount; replayed only until runtime idle,"23:30  up  9:01, 14 users, load averages: 17.41 13.74 12.80","23:30  up  9:01, 14 users, load averages: 16.33 13.58 12.75",6d1a4f64619b196620b3653934997f488bc38cd79cd4a0248b89fa1bb0ed49c0,417cb930f1689ce0596e1e7f96fb75bcd0f87f3fb165cfd359cbc62c5ca86582,8e60339c2f129bace01f65c565f033a02493e391,ea5e426448ebdfb181df10beb9283baf1227977f2ee259027b58d5d87e5ad1d4,1b41ad963ec6b6f1d8bb05d78366bd0fa0da7e6f202402a8068af8907d2bcfa4,"PID STARTED
83088 Mon Sep 14 15:22:33 2026",,[],[]
timing,True,t6,cf-person-inbox,phase6-1,2026-09-15T06:30:17.220Z,124,9.199999999254942,1,11.99999999254942,22,50,043cd612f9658f02c496cf28ee535aec40cb5e25c0405e6414f6e72f84b15d28,043cd612f9658f02c496cf28ee535aec40cb5e25c0405e6414f6e72f84b15d28,visible source counts then runtime idle,request-failure-diagnostics,161.90316700000005,2302c51842be6d2f922dc77db9cff5ecba81a086c00722bf9bf6bb616d59ab5d,actual config captured once before mount; replayed only until runtime idle,"23:30  up  9:01, 14 users, load averages: 16.33 13.58 12.75","23:30  up  9:01, 14 users, load averages: 16.55 13.67 12.79",6d1a4f64619b196620b3653934997f488bc38cd79cd4a0248b89fa1bb0ed49c0,417cb930f1689ce0596e1e7f96fb75bcd0f87f3fb165cfd359cbc62c5ca86582,8e60339c2f129bace01f65c565f033a02493e391,ea5e426448ebdfb181df10beb9283baf1227977f2ee259027b58d5d87e5ad1d4,1b41ad963ec6b6f1d8bb05d78366bd0fa0da7e6f202402a8068af8907d2bcfa4,"PID STARTED
83088 Mon Sep 14 15:22:33 2026",,[],[]
timing,True,t6,cf-person-inbox,phase6-2,2026-09-15T06:30:20.848Z,115.39999999850988,10.100000001490116,1,11.599999997764826,22,50,043cd612f9658f02c496cf28ee535aec40cb5e25c0405e6414f6e72f84b15d28,043cd612f9658f02c496cf28ee535aec40cb5e25c0405e6414f6e72f84b15d28,visible source counts then runtime idle,request-failure-diagnostics,250.54200000000003,2302c51842be6d2f922dc77db9cff5ecba81a086c00722bf9bf6bb616d59ab5d,actual config captured once before mount; replayed only until runtime idle,"23:30  up  9:01, 14 users, load averages: 16.55 13.67 12.79","23:30  up  9:01, 14 users, load averages: 15.94 13.59 12.77",6d1a4f64619b196620b3653934997f488bc38cd79cd4a0248b89fa1bb0ed49c0,417cb930f1689ce0596e1e7f96fb75bcd0f87f3fb165cfd359cbc62c5ca86582,8e60339c2f129bace01f65c565f033a02493e391,ea5e426448ebdfb181df10beb9283baf1227977f2ee259027b58d5d87e5ad1d4,1b41ad963ec6b6f1d8bb05d78366bd0fa0da7e6f202402a8068af8907d2bcfa4,"PID STARTED
83088 Mon Sep 14 15:22:33 2026",,[],[]
timing,True,t6,header,phase6-2,2026-09-15T06:30:24.581Z,824.5,364.6000000089407,959,373.0000000298023,2770,50,043cd612f9658f02c496cf28ee535aec40cb5e25c0405e6414f6e72f84b15d28,043cd612f9658f02c496cf28ee535aec40cb5e25c0405e6414f6e72f84b15d28,visible source counts then runtime idle,request-failure-diagnostics,237.68937499999993,2302c51842be6d2f922dc77db9cff5ecba81a086c00722bf9bf6bb616d59ab5d,actual config captured once before mount; replayed only until runtime idle,"23:30  up  9:01, 14 users, load averages: 15.94 13.59 12.77","23:30  up  9:01, 14 users, load averages: 16.03 13.65 12.79",6d1a4f64619b196620b3653934997f488bc38cd79cd4a0248b89fa1bb0ed49c0,417cb930f1689ce0596e1e7f96fb75bcd0f87f3fb165cfd359cbc62c5ca86582,8e60339c2f129bace01f65c565f033a02493e391,ea5e426448ebdfb181df10beb9283baf1227977f2ee259027b58d5d87e5ad1d4,1b41ad963ec6b6f1d8bb05d78366bd0fa0da7e6f202402a8068af8907d2bcfa4,"PID STARTED
83088 Mon Sep 14 15:22:33 2026",,[],[]
timing,True,t4,cf-person-inbox,phase6-2,2026-09-15T06:30:31.492Z,114.90000000223517,8.5,1,9.700000002980232,22,50,043cd612f9658f02c496cf28ee535aec40cb5e25c0405e6414f6e72f84b15d28,043cd612f9658f02c496cf28ee535aec40cb5e25c0405e6414f6e72f84b15d28,visible source counts then runtime idle,request-failure-diagnostics,307.137375,2302c51842be6d2f922dc77db9cff5ecba81a086c00722bf9bf6bb616d59ab5d,actual config captured once before mount; replayed only until runtime idle,"23:30  up  9:01, 14 users, load averages: 16.03 13.65 12.79","23:30  up  9:01, 14 users, load averages: 15.94 13.67 12.80",6d1a4f64619b196620b3653934997f488bc38cd79cd4a0248b89fa1bb0ed49c0,417cb930f1689ce0596e1e7f96fb75bcd0f87f3fb165cfd359cbc62c5ca86582,4b2b207e41347f70f7f4620e1277903b145364a6,caa0adec3aa9d24c4d1deb8181badc2ddbd0643ac2b65df30021568bbdac8acc,1b41ad963ec6b6f1d8bb05d78366bd0fa0da7e6f202402a8068af8907d2bcfa4,"PID STARTED
83088 Mon Sep 14 15:22:33 2026",,[],[]
timing,True,t4,header,phase6-2,2026-09-15T06:30:35.275Z,810,387.79999999701977,959,397.10000002011657,2770,50,043cd612f9658f02c496cf28ee535aec40cb5e25c0405e6414f6e72f84b15d28,043cd612f9658f02c496cf28ee535aec40cb5e25c0405e6414f6e72f84b15d28,visible source counts then runtime idle,request-failure-diagnostics,292.41112499999997,2302c51842be6d2f922dc77db9cff5ecba81a086c00722bf9bf6bb616d59ab5d,actual config captured once before mount; replayed only until runtime idle,"23:30  up  9:01, 14 users, load averages: 15.94 13.67 12.80","23:30  up  9:02, 14 users, load averages: 15.39 13.59 12.78",6d1a4f64619b196620b3653934997f488bc38cd79cd4a0248b89fa1bb0ed49c0,417cb930f1689ce0596e1e7f96fb75bcd0f87f3fb165cfd359cbc62c5ca86582,4b2b207e41347f70f7f4620e1277903b145364a6,caa0adec3aa9d24c4d1deb8181badc2ddbd0643ac2b65df30021568bbdac8acc,1b41ad963ec6b6f1d8bb05d78366bd0fa0da7e6f202402a8068af8907d2bcfa4,"PID STARTED
83088 Mon Sep 14 15:22:33 2026",,[],[]
timing,True,t4,header,phase6-3,2026-09-15T06:30:42.254Z,859.3999999985099,402.30000003427267,963,410.69999999925494,2786,50,043cd612f9658f02c496cf28ee535aec40cb5e25c0405e6414f6e72f84b15d28,043cd612f9658f02c496cf28ee535aec40cb5e25c0405e6414f6e72f84b15d28,visible source counts then runtime idle,request-failure-diagnostics,305.728917,2302c51842be6d2f922dc77db9cff5ecba81a086c00722bf9bf6bb616d59ab5d,actual config captured once before mount; replayed only until runtime idle,"23:30  up  9:02, 14 users, load averages: 15.39 13.59 12.78","23:30  up  9:02, 14 users, load averages: 15.00 13.57 12.78",6d1a4f64619b196620b3653934997f488bc38cd79cd4a0248b89fa1bb0ed49c0,417cb930f1689ce0596e1e7f96fb75bcd0f87f3fb165cfd359cbc62c5ca86582,4b2b207e41347f70f7f4620e1277903b145364a6,caa0adec3aa9d24c4d1deb8181badc2ddbd0643ac2b65df30021568bbdac8acc,1b41ad963ec6b6f1d8bb05d78366bd0fa0da7e6f202402a8068af8907d2bcfa4,"PID STARTED
83088 Mon Sep 14 15:22:33 2026",,[],[]
timing,True,t4,cf-person-inbox,phase6-3,2026-09-15T06:30:49.036Z,189.30000000074506,89.69999997317791,887,97.99999999627471,3554,50,043cd612f9658f02c496cf28ee535aec40cb5e25c0405e6414f6e72f84b15d28,043cd612f9658f02c496cf28ee535aec40cb5e25c0405e6414f6e72f84b15d28,visible source counts then runtime idle,request-failure-diagnostics,323.72391700000003,2302c51842be6d2f922dc77db9cff5ecba81a086c00722bf9bf6bb616d59ab5d,actual config captured once before mount; replayed only until runtime idle,"23:30  up  9:02, 14 users, load averages: 15.00 13.57 12.78","23:31  up  9:02, 14 users, load averages: 15.89 13.81 12.88",6d1a4f64619b196620b3653934997f488bc38cd79cd4a0248b89fa1bb0ed49c0,417cb930f1689ce0596e1e7f96fb75bcd0f87f3fb165cfd359cbc62c5ca86582,4b2b207e41347f70f7f4620e1277903b145364a6,caa0adec3aa9d24c4d1deb8181badc2ddbd0643ac2b65df30021568bbdac8acc,1b41ad963ec6b6f1d8bb05d78366bd0fa0da7e6f202402a8068af8907d2bcfa4,"PID STARTED
83088 Mon Sep 14 15:22:33 2026",,[],[]
timing,True,t6,header,phase6-3,2026-09-15T06:31:01.383Z,964.1000000014901,414.799999974668,959,424.2999999821186,2770,50,043cd612f9658f02c496cf28ee535aec40cb5e25c0405e6414f6e72f84b15d28,043cd612f9658f02c496cf28ee535aec40cb5e25c0405e6414f6e72f84b15d28,visible source counts then runtime idle,request-failure-diagnostics,616.031875,2302c51842be6d2f922dc77db9cff5ecba81a086c00722bf9bf6bb616d59ab5d,actual config captured once before mount; replayed only until runtime idle,"23:31  up  9:02, 14 users, load averages: 15.89 13.81 12.88","23:31  up  9:02, 14 users, load averages: 15.32 13.75 12.87",6d1a4f64619b196620b3653934997f488bc38cd79cd4a0248b89fa1bb0ed49c0,417cb930f1689ce0596e1e7f96fb75bcd0f87f3fb165cfd359cbc62c5ca86582,8e60339c2f129bace01f65c565f033a02493e391,ea5e426448ebdfb181df10beb9283baf1227977f2ee259027b58d5d87e5ad1d4,1b41ad963ec6b6f1d8bb05d78366bd0fa0da7e6f202402a8068af8907d2bcfa4,"PID STARTED
83088 Mon Sep 14 15:22:33 2026",,[],[]
timing,True,t6,cf-person-inbox,phase6-3,2026-09-15T06:31:10.633Z,126.90000000223517,10.400000002235174,1,11.700000002980232,22,50,043cd612f9658f02c496cf28ee535aec40cb5e25c0405e6414f6e72f84b15d28,043cd612f9658f02c496cf28ee535aec40cb5e25c0405e6414f6e72f84b15d28,visible source counts then runtime idle,request-failure-diagnostics,215.256125,2302c51842be6d2f922dc77db9cff5ecba81a086c00722bf9bf6bb616d59ab5d,actual config captured once before mount; replayed only until runtime idle,"23:31  up  9:02, 14 users, load averages: 15.32 13.75 12.87","23:31  up  9:02, 14 users, load averages: 14.73 13.66 12.84",6d1a4f64619b196620b3653934997f488bc38cd79cd4a0248b89fa1bb0ed49c0,417cb930f1689ce0596e1e7f96fb75bcd0f87f3fb165cfd359cbc62c5ca86582,8e60339c2f129bace01f65c565f033a02493e391,ea5e426448ebdfb181df10beb9283baf1227977f2ee259027b58d5d87e5ad1d4,1b41ad963ec6b6f1d8bb05d78366bd0fa0da7e6f202402a8068af8907d2bcfa4,"PID STARTED
83088 Mon Sep 14 15:22:33 2026",,[],[]
timing,True,t6,header,phase7-1,2026-09-15T06:31:35.352Z,1690.4000000022352,724.3999999426305,961,745.2999999597669,2778,50,043cd612f9658f02c496cf28ee535aec40cb5e25c0405e6414f6e72f84b15d28,043cd612f9658f02c496cf28ee535aec40cb5e25c0405e6414f6e72f84b15d28,visible source counts then runtime idle,request-failure-diagnostics,274.4413750000001,2302c51842be6d2f922dc77db9cff5ecba81a086c00722bf9bf6bb616d59ab5d,actual config captured once before mount; replayed only until runtime idle,"23:31  up  9:02, 14 users, load averages: 12.60 13.23 12.70","23:31  up  9:03, 14 users, load averages: 12.52 13.18 12.69",6d1a4f64619b196620b3653934997f488bc38cd79cd4a0248b89fa1bb0ed49c0,417cb930f1689ce0596e1e7f96fb75bcd0f87f3fb165cfd359cbc62c5ca86582,8e60339c2f129bace01f65c565f033a02493e391,ea5e426448ebdfb181df10beb9283baf1227977f2ee259027b58d5d87e5ad1d4,1b41ad963ec6b6f1d8bb05d78366bd0fa0da7e6f202402a8068af8907d2bcfa4,"PID STARTED
83088 Mon Sep 14 15:22:33 2026",,[],[]
timing,True,t6,prepared-cell,phase7-1,2026-09-15T06:31:50.544Z,687.9000000022352,209.8000000230968,1208,219.6000000499189,3158,50,043cd612f9658f02c496cf28ee535aec40cb5e25c0405e6414f6e72f84b15d28,043cd612f9658f02c496cf28ee535aec40cb5e25c0405e6414f6e72f84b15d28,visible source counts then runtime idle,request-failure-diagnostics,313.3995,2302c51842be6d2f922dc77db9cff5ecba81a086c00722bf9bf6bb616d59ab5d,actual config captured once before mount; replayed only until runtime idle,"23:31  up  9:03, 14 users, load averages: 12.52 13.18 12.69","23:31  up  9:03, 14 users, load averages: 12.15 13.08 12.66",6d1a4f64619b196620b3653934997f488bc38cd79cd4a0248b89fa1bb0ed49c0,417cb930f1689ce0596e1e7f96fb75bcd0f87f3fb165cfd359cbc62c5ca86582,8e60339c2f129bace01f65c565f033a02493e391,ea5e426448ebdfb181df10beb9283baf1227977f2ee259027b58d5d87e5ad1d4,1b41ad963ec6b6f1d8bb05d78366bd0fa0da7e6f202402a8068af8907d2bcfa4,"PID STARTED
83088 Mon Sep 14 15:22:33 2026",,[],[]
timing,True,t6,cf-person-inbox,phase7-1,2026-09-15T06:31:59.810Z,148.69999999925494,12.599999997764826,1,14.300000004470348,22,50,043cd612f9658f02c496cf28ee535aec40cb5e25c0405e6414f6e72f84b15d28,043cd612f9658f02c496cf28ee535aec40cb5e25c0405e6414f6e72f84b15d28,visible source counts then runtime idle,request-failure-diagnostics,244.16583400000002,2302c51842be6d2f922dc77db9cff5ecba81a086c00722bf9bf6bb616d59ab5d,actual config captured once before mount; replayed only until runtime idle,"23:31  up  9:03, 14 users, load averages: 12.15 13.08 12.66","23:32  up  9:03, 14 users, load averages: 11.51 12.91 12.61",6d1a4f64619b196620b3653934997f488bc38cd79cd4a0248b89fa1bb0ed49c0,417cb930f1689ce0596e1e7f96fb75bcd0f87f3fb165cfd359cbc62c5ca86582,8e60339c2f129bace01f65c565f033a02493e391,ea5e426448ebdfb181df10beb9283baf1227977f2ee259027b58d5d87e5ad1d4,1b41ad963ec6b6f1d8bb05d78366bd0fa0da7e6f202402a8068af8907d2bcfa4,"PID STARTED
83088 Mon Sep 14 15:22:33 2026",,[],[]
timing,True,t6,cf-person-inbox,phase7-2,2026-09-15T06:32:10.247Z,401.1000000014901,57,7,61.29999998956919,34,50,043cd612f9658f02c496cf28ee535aec40cb5e25c0405e6414f6e72f84b15d28,043cd612f9658f02c496cf28ee535aec40cb5e25c0405e6414f6e72f84b15d28,visible source counts then runtime idle,request-failure-diagnostics,284.41141600000003,2302c51842be6d2f922dc77db9cff5ecba81a086c00722bf9bf6bb616d59ab5d,actual config captured once before mount; replayed only until runtime idle,"23:32  up  9:03, 14 users, load averages: 11.51 12.91 12.61","23:32  up  9:03, 14 users, load averages: 11.07 12.80 12.57",6d1a4f64619b196620b3653934997f488bc38cd79cd4a0248b89fa1bb0ed49c0,417cb930f1689ce0596e1e7f96fb75bcd0f87f3fb165cfd359cbc62c5ca86582,8e60339c2f129bace01f65c565f033a02493e391,ea5e426448ebdfb181df10beb9283baf1227977f2ee259027b58d5d87e5ad1d4,1b41ad963ec6b6f1d8bb05d78366bd0fa0da7e6f202402a8068af8907d2bcfa4,"PID STARTED
83088 Mon Sep 14 15:22:33 2026",,[],[]
timing,True,t6,prepared-cell,phase7-2,2026-09-15T06:32:16.105Z,745.8999999985099,230.2000000178814,1208,241.20000002533197,3158,50,043cd612f9658f02c496cf28ee535aec40cb5e25c0405e6414f6e72f84b15d28,043cd612f9658f02c496cf28ee535aec40cb5e25c0405e6414f6e72f84b15d28,visible source counts then runtime idle,request-failure-diagnostics,314.73454100000004,2302c51842be6d2f922dc77db9cff5ecba81a086c00722bf9bf6bb616d59ab5d,actual config captured once before mount; replayed only until runtime idle,"23:32  up  9:03, 14 users, load averages: 11.07 12.80 12.57","23:32  up  9:03, 14 users, load averages: 11.37 12.80 12.57",6d1a4f64619b196620b3653934997f488bc38cd79cd4a0248b89fa1bb0ed49c0,417cb930f1689ce0596e1e7f96fb75bcd0f87f3fb165cfd359cbc62c5ca86582,8e60339c2f129bace01f65c565f033a02493e391,ea5e426448ebdfb181df10beb9283baf1227977f2ee259027b58d5d87e5ad1d4,1b41ad963ec6b6f1d8bb05d78366bd0fa0da7e6f202402a8068af8907d2bcfa4,"PID STARTED
83088 Mon Sep 14 15:22:33 2026",,[],[]
timing,True,t6,header,phase7-2,2026-09-15T06:32:25.139Z,1577.3999999985099,759.2000000216067,959,775.0000000447035,2770,50,043cd612f9658f02c496cf28ee535aec40cb5e25c0405e6414f6e72f84b15d28,043cd612f9658f02c496cf28ee535aec40cb5e25c0405e6414f6e72f84b15d28,visible source counts then runtime idle,request-failure-diagnostics,304.532708,2302c51842be6d2f922dc77db9cff5ecba81a086c00722bf9bf6bb616d59ab5d,actual config captured once before mount; replayed only until runtime idle,"23:32  up  9:03, 14 users, load averages: 11.37 12.80 12.57","23:32  up  9:03, 14 users, load averages: 11.82 12.84 12.59",6d1a4f64619b196620b3653934997f488bc38cd79cd4a0248b89fa1bb0ed49c0,417cb930f1689ce0596e1e7f96fb75bcd0f87f3fb165cfd359cbc62c5ca86582,8e60339c2f129bace01f65c565f033a02493e391,ea5e426448ebdfb181df10beb9283baf1227977f2ee259027b58d5d87e5ad1d4,1b41ad963ec6b6f1d8bb05d78366bd0fa0da7e6f202402a8068af8907d2bcfa4,"PID STARTED
83088 Mon Sep 14 15:22:33 2026",,[],[]
timing,True,t6,header,phase7-3,2026-09-15T06:32:34.698Z,1645.5,729.6999999731779,961,754.3999999426305,2778,50,043cd612f9658f02c496cf28ee535aec40cb5e25c0405e6414f6e72f84b15d28,043cd612f9658f02c496cf28ee535aec40cb5e25c0405e6414f6e72f84b15d28,visible source counts then runtime idle,request-failure-diagnostics,297.92387499999995,2302c51842be6d2f922dc77db9cff5ecba81a086c00722bf9bf6bb616d59ab5d,actual config captured once before mount; replayed only until runtime idle,"23:32  up  9:03, 14 users, load averages: 11.82 12.84 12.59","23:32  up  9:04, 14 users, load averages: 12.04 12.85 12.59",6d1a4f64619b196620b3653934997f488bc38cd79cd4a0248b89fa1bb0ed49c0,417cb930f1689ce0596e1e7f96fb75bcd0f87f3fb165cfd359cbc62c5ca86582,8e60339c2f129bace01f65c565f033a02493e391,ea5e426448ebdfb181df10beb9283baf1227977f2ee259027b58d5d87e5ad1d4,1b41ad963ec6b6f1d8bb05d78366bd0fa0da7e6f202402a8068af8907d2bcfa4,"PID STARTED
83088 Mon Sep 14 15:22:33 2026",,[],[]
timing,True,t6,prepared-cell,phase7-3,2026-09-15T06:32:46.637Z,1330,368.7999999783933,1208,387.39999993145466,3158,50,043cd612f9658f02c496cf28ee535aec40cb5e25c0405e6414f6e72f84b15d28,043cd612f9658f02c496cf28ee535aec40cb5e25c0405e6414f6e72f84b15d28,visible source counts then runtime idle,request-failure-diagnostics,319.398,2302c51842be6d2f922dc77db9cff5ecba81a086c00722bf9bf6bb616d59ab5d,actual config captured once before mount; replayed only until runtime idle,"23:32  up  9:04, 14 users, load averages: 12.04 12.85 12.59","23:32  up  9:04, 14 users, load averages: 12.40 12.89 12.61",6d1a4f64619b196620b3653934997f488bc38cd79cd4a0248b89fa1bb0ed49c0,417cb930f1689ce0596e1e7f96fb75bcd0f87f3fb165cfd359cbc62c5ca86582,8e60339c2f129bace01f65c565f033a02493e391,ea5e426448ebdfb181df10beb9283baf1227977f2ee259027b58d5d87e5ad1d4,1b41ad963ec6b6f1d8bb05d78366bd0fa0da7e6f202402a8068af8907d2bcfa4,"PID STARTED
83088 Mon Sep 14 15:22:33 2026",,[],[]
timing,True,t6,cf-person-inbox,phase7-3,2026-09-15T06:32:59.714Z,1536.6000000014901,42.30000000074506,4,47.400000005960464,28,50,043cd612f9658f02c496cf28ee535aec40cb5e25c0405e6414f6e72f84b15d28,043cd612f9658f02c496cf28ee535aec40cb5e25c0405e6414f6e72f84b15d28,visible source counts then runtime idle,request-failure-diagnostics,387.3692500000001,2302c51842be6d2f922dc77db9cff5ecba81a086c00722bf9bf6bb616d59ab5d,actual config captured once before mount; replayed only until runtime idle,"23:32  up  9:04, 14 users, load averages: 12.40 12.89 12.61","23:33  up  9:04, 14 users, load averages: 12.10 12.81 12.59",6d1a4f64619b196620b3653934997f488bc38cd79cd4a0248b89fa1bb0ed49c0,417cb930f1689ce0596e1e7f96fb75bcd0f87f3fb165cfd359cbc62c5ca86582,8e60339c2f129bace01f65c565f033a02493e391,ea5e426448ebdfb181df10beb9283baf1227977f2ee259027b58d5d87e5ad1d4,1b41ad963ec6b6f1d8bb05d78366bd0fa0da7e6f202402a8068af8907d2bcfa4,"PID STARTED
83088 Mon Sep 14 15:22:33 2026",,[],[]
diagnostic,True,t6,header,phase6cpu-nodes,2026-09-15T06:33:18.531Z,1265.6000000014901,546.0000000186265,959,561.6000000312924,2770,50,043cd612f9658f02c496cf28ee535aec40cb5e25c0405e6414f6e72f84b15d28,043cd612f9658f02c496cf28ee535aec40cb5e25c0405e6414f6e72f84b15d28,visible source counts then runtime idle,request-failure-diagnostics,319.018292,2302c51842be6d2f922dc77db9cff5ecba81a086c00722bf9bf6bb616d59ab5d,actual config captured once before mount; replayed only until runtime idle,"23:33  up  9:04, 14 users, load averages: 11.71 12.70 12.55","23:33  up  9:04, 14 users, load averages: 11.13 12.55 12.50",6d1a4f64619b196620b3653934997f488bc38cd79cd4a0248b89fa1bb0ed49c0,417cb930f1689ce0596e1e7f96fb75bcd0f87f3fb165cfd359cbc62c5ca86582,8e60339c2f129bace01f65c565f033a02493e391,ea5e426448ebdfb181df10beb9283baf1227977f2ee259027b58d5d87e5ad1d4,1b41ad963ec6b6f1d8bb05d78366bd0fa0da7e6f202402a8068af8907d2bcfa4,"PID STARTED
83088 Mon Sep 14 15:22:33 2026",,[],[]
diagnostic,True,t6,prepared-cell,phase7cpu-nodes,2026-09-15T06:34:03.067Z,1111,351.1000000163913,1208,372.10000003501773,3158,50,043cd612f9658f02c496cf28ee535aec40cb5e25c0405e6414f6e72f84b15d28,043cd612f9658f02c496cf28ee535aec40cb5e25c0405e6414f6e72f84b15d28,visible source counts then runtime idle,request-failure-diagnostics,508.31425,2302c51842be6d2f922dc77db9cff5ecba81a086c00722bf9bf6bb616d59ab5d,actual config captured once before mount; replayed only until runtime idle,"23:34  up  9:05, 14 users, load averages: 12.08 12.62 12.52","23:34  up  9:05, 14 users, load averages: 12.17 12.62 12.53",6d1a4f64619b196620b3653934997f488bc38cd79cd4a0248b89fa1bb0ed49c0,417cb930f1689ce0596e1e7f96fb75bcd0f87f3fb165cfd359cbc62c5ca86582,8e60339c2f129bace01f65c565f033a02493e391,ea5e426448ebdfb181df10beb9283baf1227977f2ee259027b58d5d87e5ad1d4,1b41ad963ec6b6f1d8bb05d78366bd0fa0da7e6f202402a8068af8907d2bcfa4,"PID STARTED
83088 Mon Sep 14 15:22:33 2026",,[],[]
timing,True,t6,header,phase8-1,2026-09-15T06:39:37.363Z,1890.8999999985099,852.7000000476837,959,873.2000000402331,2770,50,043cd612f9658f02c496cf28ee535aec40cb5e25c0405e6414f6e72f84b15d28,043cd612f9658f02c496cf28ee535aec40cb5e25c0405e6414f6e72f84b15d28,visible source counts then runtime idle,request-failure-diagnostics,457.26029200000005,2302c51842be6d2f922dc77db9cff5ecba81a086c00722bf9bf6bb616d59ab5d,actual config captured once before mount; replayed only until runtime idle,"23:39  up  9:10, 14 users, load averages: 9.09 13.27 13.14","23:39  up  9:11, 14 users, load averages: 14.25 14.13 13.45",6d1a4f64619b196620b3653934997f488bc38cd79cd4a0248b89fa1bb0ed49c0,417cb930f1689ce0596e1e7f96fb75bcd0f87f3fb165cfd359cbc62c5ca86582,8e60339c2f129bace01f65c565f033a02493e391,ea5e426448ebdfb181df10beb9283baf1227977f2ee259027b58d5d87e5ad1d4,1b41ad963ec6b6f1d8bb05d78366bd0fa0da7e6f202402a8068af8907d2bcfa4,"PID STARTED
83088 Mon Sep 14 15:22:33 2026",,[],[]
timing,True,t6,selected-bubbles,phase8-1,2026-09-15T06:39:55.604Z,1107.5999999977648,350.29999993368983,1207,368.5999999307096,3156,50,043cd612f9658f02c496cf28ee535aec40cb5e25c0405e6414f6e72f84b15d28,043cd612f9658f02c496cf28ee535aec40cb5e25c0405e6414f6e72f84b15d28,visible source counts then runtime idle,request-failure-diagnostics,5964.741292,2302c51842be6d2f922dc77db9cff5ecba81a086c00722bf9bf6bb616d59ab5d,actual config captured once before mount; replayed only until runtime idle,"23:39  up  9:11, 14 users, load averages: 14.25 14.13 13.45","23:40  up  9:11, 14 users, load averages: 36.60 19.47 15.41",6d1a4f64619b196620b3653934997f488bc38cd79cd4a0248b89fa1bb0ed49c0,417cb930f1689ce0596e1e7f96fb75bcd0f87f3fb165cfd359cbc62c5ca86582,8e60339c2f129bace01f65c565f033a02493e391,ea5e426448ebdfb181df10beb9283baf1227977f2ee259027b58d5d87e5ad1d4,1b41ad963ec6b6f1d8bb05d78366bd0fa0da7e6f202402a8068af8907d2bcfa4,"PID STARTED
83088 Mon Sep 14 15:22:33 2026",,[],[]
timing,True,t6,cf-person-inbox,phase8-1,2026-09-15T06:40:33.641Z,223.09999999776483,20.100000001490116,1,23.200000002980232,22,50,043cd612f9658f02c496cf28ee535aec40cb5e25c0405e6414f6e72f84b15d28,043cd612f9658f02c496cf28ee535aec40cb5e25c0405e6414f6e72f84b15d28,visible source counts then runtime idle,request-failure-diagnostics,5953.222292,2302c51842be6d2f922dc77db9cff5ecba81a086c00722bf9bf6bb616d59ab5d,actual config captured once before mount; replayed only until runtime idle,"23:40  up  9:11, 14 users, load averages: 37.19 19.88 15.58","23:40  up  9:12, 14 users, load averages: 51.98 24.01 17.13",6d1a4f64619b196620b3653934997f488bc38cd79cd4a0248b89fa1bb0ed49c0,417cb930f1689ce0596e1e7f96fb75bcd0f87f3fb165cfd359cbc62c5ca86582,8e60339c2f129bace01f65c565f033a02493e391,ea5e426448ebdfb181df10beb9283baf1227977f2ee259027b58d5d87e5ad1d4,1b41ad963ec6b6f1d8bb05d78366bd0fa0da7e6f202402a8068af8907d2bcfa4,"PID STARTED
83088 Mon Sep 14 15:22:33 2026",,[],[]
timing,True,t6,cf-person-inbox,phase8-2,2026-09-15T06:40:50.249Z,186.19999999925494,15.400000002235174,1,17.899999998509884,22,50,043cd612f9658f02c496cf28ee535aec40cb5e25c0405e6414f6e72f84b15d28,043cd612f9658f02c496cf28ee535aec40cb5e25c0405e6414f6e72f84b15d28,visible source counts then runtime idle,request-failure-diagnostics,2265.280833,2302c51842be6d2f922dc77db9cff5ecba81a086c00722bf9bf6bb616d59ab5d,actual config captured once before mount; replayed only until runtime idle,"23:40  up  9:12, 14 users, load averages: 51.98 24.01 17.13","23:41  up  9:12, 14 users, load averages: 58.99 26.44 18.07",6d1a4f64619b196620b3653934997f488bc38cd79cd4a0248b89fa1bb0ed49c0,417cb930f1689ce0596e1e7f96fb75bcd0f87f3fb165cfd359cbc62c5ca86582,8e60339c2f129bace01f65c565f033a02493e391,ea5e426448ebdfb181df10beb9283baf1227977f2ee259027b58d5d87e5ad1d4,1b41ad963ec6b6f1d8bb05d78366bd0fa0da7e6f202402a8068af8907d2bcfa4,"PID STARTED
83088 Mon Sep 14 15:22:33 2026",,[],[]
timing,True,t6,selected-bubbles,phase8-2,2026-09-15T06:41:01.269Z,974.2000000029802,283.6999999731779,1206,296.3999999538064,3156,50,043cd612f9658f02c496cf28ee535aec40cb5e25c0405e6414f6e72f84b15d28,043cd612f9658f02c496cf28ee535aec40cb5e25c0405e6414f6e72f84b15d28,visible source counts then runtime idle,request-failure-diagnostics,2164.5522920000003,2302c51842be6d2f922dc77db9cff5ecba81a086c00722bf9bf6bb616d59ab5d,actual config captured once before mount; replayed only until runtime idle,"23:41  up  9:12, 14 users, load averages: 58.99 26.44 18.07","23:41  up  9:12, 14 users, load averages: 55.12 27.17 18.48",6d1a4f64619b196620b3653934997f488bc38cd79cd4a0248b89fa1bb0ed49c0,417cb930f1689ce0596e1e7f96fb75bcd0f87f3fb165cfd359cbc62c5ca86582,8e60339c2f129bace01f65c565f033a02493e391,ea5e426448ebdfb181df10beb9283baf1227977f2ee259027b58d5d87e5ad1d4,1b41ad963ec6b6f1d8bb05d78366bd0fa0da7e6f202402a8068af8907d2bcfa4,"PID STARTED
83088 Mon Sep 14 15:22:33 2026",,[],[]
timing,True,t6,header,phase8-2,2026-09-15T06:41:18.339Z,1762.5999999977648,761.4999999329448,959,782.3999999724329,2770,50,043cd612f9658f02c496cf28ee535aec40cb5e25c0405e6414f6e72f84b15d28,043cd612f9658f02c496cf28ee535aec40cb5e25c0405e6414f6e72f84b15d28,visible source counts then runtime idle,request-failure-diagnostics,2715.660417,2302c51842be6d2f922dc77db9cff5ecba81a086c00722bf9bf6bb616d59ab5d,actual config captured once before mount; replayed only until runtime idle,"23:41  up  9:12, 14 users, load averages: 55.12 27.17 18.48","23:41  up  9:12, 14 users, load averages: 49.96 27.82 18.91",6d1a4f64619b196620b3653934997f488bc38cd79cd4a0248b89fa1bb0ed49c0,417cb930f1689ce0596e1e7f96fb75bcd0f87f3fb165cfd359cbc62c5ca86582,8e60339c2f129bace01f65c565f033a02493e391,ea5e426448ebdfb181df10beb9283baf1227977f2ee259027b58d5d87e5ad1d4,1b41ad963ec6b6f1d8bb05d78366bd0fa0da7e6f202402a8068af8907d2bcfa4,"PID STARTED
83088 Mon Sep 14 15:22:33 2026",,[],[]
timing,True,t6,header,phase8-3,2026-09-15T06:41:36.241Z,1734.3999999985099,752.799999948591,959,772.1999999023974,2770,50,043cd612f9658f02c496cf28ee535aec40cb5e25c0405e6414f6e72f84b15d28,043cd612f9658f02c496cf28ee535aec40cb5e25c0405e6414f6e72f84b15d28,visible source counts then runtime idle,request-failure-diagnostics,1352.848708,2302c51842be6d2f922dc77db9cff5ecba81a086c00722bf9bf6bb616d59ab5d,actual config captured once before mount; replayed only until runtime idle,"23:41  up  9:12, 14 users, load averages: 49.96 27.82 18.91","23:41  up  9:13, 14 users, load averages: 47.57 28.38 19.27",6d1a4f64619b196620b3653934997f488bc38cd79cd4a0248b89fa1bb0ed49c0,417cb930f1689ce0596e1e7f96fb75bcd0f87f3fb165cfd359cbc62c5ca86582,8e60339c2f129bace01f65c565f033a02493e391,ea5e426448ebdfb181df10beb9283baf1227977f2ee259027b58d5d87e5ad1d4,1b41ad963ec6b6f1d8bb05d78366bd0fa0da7e6f202402a8068af8907d2bcfa4,"PID STARTED
83088 Mon Sep 14 15:22:33 2026",,[],[]
timing,True,t6,selected-bubbles,phase8-3,2026-09-15T06:41:52.441Z,1062.300000000745,323.2999999858439,1206,339.20000000298023,3156,50,043cd612f9658f02c496cf28ee535aec40cb5e25c0405e6414f6e72f84b15d28,043cd612f9658f02c496cf28ee535aec40cb5e25c0405e6414f6e72f84b15d28,visible source counts then runtime idle,request-failure-diagnostics,1397.42425,2302c51842be6d2f922dc77db9cff5ecba81a086c00722bf9bf6bb616d59ab5d,actual config captured once before mount; replayed only until runtime idle,"23:41  up  9:13, 14 users, load averages: 47.57 28.38 19.27","23:42  up  9:13, 14 users, load averages: 46.47 29.09 19.68",6d1a4f64619b196620b3653934997f488bc38cd79cd4a0248b89fa1bb0ed49c0,417cb930f1689ce0596e1e7f96fb75bcd0f87f3fb165cfd359cbc62c5ca86582,8e60339c2f129bace01f65c565f033a02493e391,ea5e426448ebdfb181df10beb9283baf1227977f2ee259027b58d5d87e5ad1d4,1b41ad963ec6b6f1d8bb05d78366bd0fa0da7e6f202402a8068af8907d2bcfa4,"PID STARTED
83088 Mon Sep 14 15:22:33 2026",,[],[]
timing,True,t6,cf-person-inbox,phase8-3,2026-09-15T06:42:07.762Z,202.69999999925494,14.800000000745058,1,17.69999999180436,22,50,043cd612f9658f02c496cf28ee535aec40cb5e25c0405e6414f6e72f84b15d28,043cd612f9658f02c496cf28ee535aec40cb5e25c0405e6414f6e72f84b15d28,visible source counts then runtime idle,request-failure-diagnostics,2734.911458,2302c51842be6d2f922dc77db9cff5ecba81a086c00722bf9bf6bb616d59ab5d,actual config captured once before mount; replayed only until runtime idle,"23:42  up  9:13, 14 users, load averages: 46.47 29.09 19.68","23:42  up  9:13, 14 users, load averages: 45.86 29.79 20.09",6d1a4f64619b196620b3653934997f488bc38cd79cd4a0248b89fa1bb0ed49c0,417cb930f1689ce0596e1e7f96fb75bcd0f87f3fb165cfd359cbc62c5ca86582,8e60339c2f129bace01f65c565f033a02493e391,ea5e426448ebdfb181df10beb9283baf1227977f2ee259027b58d5d87e5ad1d4,1b41ad963ec6b6f1d8bb05d78366bd0fa0da7e6f202402a8068af8907d2bcfa4,"PID STARTED
83088 Mon Sep 14 15:22:33 2026",,[],[]
timing,True,t6,selected-bubbles,phase9-1,2026-09-15T06:44:19.331Z,504.30000000074506,153.10000002011657,1206,159.80000000819564,3156,50,043cd612f9658f02c496cf28ee535aec40cb5e25c0405e6414f6e72f84b15d28,043cd612f9658f02c496cf28ee535aec40cb5e25c0405e6414f6e72f84b15d28,visible source counts then runtime idle,request-failure-diagnostics,307.575125,2302c51842be6d2f922dc77db9cff5ecba81a086c00722bf9bf6bb616d59ab5d,actual config captured once before mount; replayed only until runtime idle,"23:44  up  9:15, 14 users, load averages: 20.67 27.82 20.75","23:44  up  9:15, 14 users, load averages: 20.37 27.64 20.73",6d1a4f64619b196620b3653934997f488bc38cd79cd4a0248b89fa1bb0ed49c0,417cb930f1689ce0596e1e7f96fb75bcd0f87f3fb165cfd359cbc62c5ca86582,8e60339c2f129bace01f65c565f033a02493e391,ea5e426448ebdfb181df10beb9283baf1227977f2ee259027b58d5d87e5ad1d4,1b41ad963ec6b6f1d8bb05d78366bd0fa0da7e6f202402a8068af8907d2bcfa4,"PID STARTED
83088 Mon Sep 14 15:22:33 2026",,[],[]
timing,True,t6,header,phase9-1,2026-09-15T06:44:27.082Z,1020.7000000029802,516.6999999508262,959,528.699999962002,2770,50,043cd612f9658f02c496cf28ee535aec40cb5e25c0405e6414f6e72f84b15d28,043cd612f9658f02c496cf28ee535aec40cb5e25c0405e6414f6e72f84b15d28,visible source counts then runtime idle,request-failure-diagnostics,347.606834,2302c51842be6d2f922dc77db9cff5ecba81a086c00722bf9bf6bb616d59ab5d,actual config captured once before mount; replayed only until runtime idle,"23:44  up  9:15, 14 users, load averages: 20.37 27.64 20.73","23:44  up  9:15, 14 users, load averages: 19.05 27.12 20.63",6d1a4f64619b196620b3653934997f488bc38cd79cd4a0248b89fa1bb0ed49c0,417cb930f1689ce0596e1e7f96fb75bcd0f87f3fb165cfd359cbc62c5ca86582,8e60339c2f129bace01f65c565f033a02493e391,ea5e426448ebdfb181df10beb9283baf1227977f2ee259027b58d5d87e5ad1d4,1b41ad963ec6b6f1d8bb05d78366bd0fa0da7e6f202402a8068af8907d2bcfa4,"PID STARTED
83088 Mon Sep 14 15:22:33 2026",,[],[]
timing,True,t8,selected-bubbles,phase9-1,2026-09-15T06:44:37.314Z,881.3999999985099,273.399999987334,1206,285.0999999679625,3156,50,043cd612f9658f02c496cf28ee535aec40cb5e25c0405e6414f6e72f84b15d28,043cd612f9658f02c496cf28ee535aec40cb5e25c0405e6414f6e72f84b15d28,visible source counts then runtime idle,request-failure-diagnostics,354.003875,2302c51842be6d2f922dc77db9cff5ecba81a086c00722bf9bf6bb616d59ab5d,actual config captured once before mount; replayed only until runtime idle,"23:44  up  9:15, 14 users, load averages: 19.05 27.12 20.63","23:44  up  9:16, 14 users, load averages: 20.54 27.05 20.71",6d1a4f64619b196620b3653934997f488bc38cd79cd4a0248b89fa1bb0ed49c0,417cb930f1689ce0596e1e7f96fb75bcd0f87f3fb165cfd359cbc62c5ca86582,517c931557961a0e0de1811a87da12d69be1ebeb,018d29334ca6f7e8fa8a7f734e569643046b31de445f74b2e87aa55737f9feb1,1b41ad963ec6b6f1d8bb05d78366bd0fa0da7e6f202402a8068af8907d2bcfa4,"PID STARTED
83088 Mon Sep 14 15:22:33 2026",,[],[]
timing,True,t8,header,phase9-1,2026-09-15T06:44:49.792Z,1735.9000000022352,722.3000000417233,959,747.0000000037253,2770,50,043cd612f9658f02c496cf28ee535aec40cb5e25c0405e6414f6e72f84b15d28,043cd612f9658f02c496cf28ee535aec40cb5e25c0405e6414f6e72f84b15d28,visible source counts then runtime idle,request-failure-diagnostics,1363.4891670000002,2302c51842be6d2f922dc77db9cff5ecba81a086c00722bf9bf6bb616d59ab5d,actual config captured once before mount; replayed only until runtime idle,"23:44  up  9:16, 14 users, load averages: 20.54 27.05 20.71","23:45  up  9:16, 14 users, load averages: 24.19 27.61 20.99",6d1a4f64619b196620b3653934997f488bc38cd79cd4a0248b89fa1bb0ed49c0,417cb930f1689ce0596e1e7f96fb75bcd0f87f3fb165cfd359cbc62c5ca86582,517c931557961a0e0de1811a87da12d69be1ebeb,018d29334ca6f7e8fa8a7f734e569643046b31de445f74b2e87aa55737f9feb1,1b41ad963ec6b6f1d8bb05d78366bd0fa0da7e6f202402a8068af8907d2bcfa4,"PID STARTED
83088 Mon Sep 14 15:22:33 2026",,[],[]
timing,True,t8,header,phase9-2,2026-09-15T06:45:03.371Z,1846.800000000745,741.5999999567866,959,761.6999999992549,2770,50,043cd612f9658f02c496cf28ee535aec40cb5e25c0405e6414f6e72f84b15d28,043cd612f9658f02c496cf28ee535aec40cb5e25c0405e6414f6e72f84b15d28,visible source counts then runtime idle,request-failure-diagnostics,1276.1708330000001,2302c51842be6d2f922dc77db9cff5ecba81a086c00722bf9bf6bb616d59ab5d,actual config captured once before mount; replayed only until runtime idle,"23:45  up  9:16, 14 users, load averages: 24.19 27.61 20.99","23:45  up  9:16, 14 users, load averages: 30.74 28.94 21.62",6d1a4f64619b196620b3653934997f488bc38cd79cd4a0248b89fa1bb0ed49c0,417cb930f1689ce0596e1e7f96fb75bcd0f87f3fb165cfd359cbc62c5ca86582,517c931557961a0e0de1811a87da12d69be1ebeb,018d29334ca6f7e8fa8a7f734e569643046b31de445f74b2e87aa55737f9feb1,1b41ad963ec6b6f1d8bb05d78366bd0fa0da7e6f202402a8068af8907d2bcfa4,"PID STARTED
83088 Mon Sep 14 15:22:33 2026",,[],[]
timing,True,t8,selected-bubbles,phase9-2,2026-09-15T06:45:19.521Z,1066.8999999985099,344.2999999821186,1206,361.3999999947846,3156,50,043cd612f9658f02c496cf28ee535aec40cb5e25c0405e6414f6e72f84b15d28,043cd612f9658f02c496cf28ee535aec40cb5e25c0405e6414f6e72f84b15d28,visible source counts then runtime idle,request-failure-diagnostics,1858.5249170000002,2302c51842be6d2f922dc77db9cff5ecba81a086c00722bf9bf6bb616d59ab5d,actual config captured once before mount; replayed only until runtime idle,"23:45  up  9:16, 14 users, load averages: 30.74 28.94 21.62","23:45  up  9:16, 14 users, load averages: 30.75 29.01 21.77",6d1a4f64619b196620b3653934997f488bc38cd79cd4a0248b89fa1bb0ed49c0,417cb930f1689ce0596e1e7f96fb75bcd0f87f3fb165cfd359cbc62c5ca86582,517c931557961a0e0de1811a87da12d69be1ebeb,018d29334ca6f7e8fa8a7f734e569643046b31de445f74b2e87aa55737f9feb1,1b41ad963ec6b6f1d8bb05d78366bd0fa0da7e6f202402a8068af8907d2bcfa4,"PID STARTED
83088 Mon Sep 14 15:22:33 2026",,[],[]
timing,True,t6,header,phase9-2,2026-09-15T06:45:36.476Z,1821.199999999255,804.1000001057982,959,828.8000001125038,2770,50,043cd612f9658f02c496cf28ee535aec40cb5e25c0405e6414f6e72f84b15d28,043cd612f9658f02c496cf28ee535aec40cb5e25c0405e6414f6e72f84b15d28,visible source counts then runtime idle,request-failure-diagnostics,1323.613,2302c51842be6d2f922dc77db9cff5ecba81a086c00722bf9bf6bb616d59ab5d,actual config captured once before mount; replayed only until runtime idle,"23:45  up  9:16, 14 users, load averages: 30.75 29.01 21.77","23:45  up  9:17, 14 users, load averages: 35.19 30.08 22.28",6d1a4f64619b196620b3653934997f488bc38cd79cd4a0248b89fa1bb0ed49c0,417cb930f1689ce0596e1e7f96fb75bcd0f87f3fb165cfd359cbc62c5ca86582,8e60339c2f129bace01f65c565f033a02493e391,ea5e426448ebdfb181df10beb9283baf1227977f2ee259027b58d5d87e5ad1d4,1b41ad963ec6b6f1d8bb05d78366bd0fa0da7e6f202402a8068af8907d2bcfa4,"PID STARTED
83088 Mon Sep 14 15:22:33 2026",,[],[]
timing,True,t6,selected-bubbles,phase9-2,2026-09-15T06:45:53.237Z,1110.5,335.8000000193715,1206,351.399999987334,3156,50,043cd612f9658f02c496cf28ee535aec40cb5e25c0405e6414f6e72f84b15d28,043cd612f9658f02c496cf28ee535aec40cb5e25c0405e6414f6e72f84b15d28,visible source counts then runtime idle,request-failure-diagnostics,584.6845000000001,2302c51842be6d2f922dc77db9cff5ecba81a086c00722bf9bf6bb616d59ab5d,actual config captured once before mount; replayed only until runtime idle,"23:45  up  9:17, 14 users, load averages: 35.19 30.08 22.28","23:46  up  9:17, 14 users, load averages: 39.16 31.21 22.82",6d1a4f64619b196620b3653934997f488bc38cd79cd4a0248b89fa1bb0ed49c0,417cb930f1689ce0596e1e7f96fb75bcd0f87f3fb165cfd359cbc62c5ca86582,8e60339c2f129bace01f65c565f033a02493e391,ea5e426448ebdfb181df10beb9283baf1227977f2ee259027b58d5d87e5ad1d4,1b41ad963ec6b6f1d8bb05d78366bd0fa0da7e6f202402a8068af8907d2bcfa4,"PID STARTED
83088 Mon Sep 14 15:22:33 2026",,[],[]
timing,True,t6,selected-bubbles,phase9-3,2026-09-15T06:46:07.027Z,926.3000000007451,292.399999961257,1206,305.3999999910593,3156,50,043cd612f9658f02c496cf28ee535aec40cb5e25c0405e6414f6e72f84b15d28,043cd612f9658f02c496cf28ee535aec40cb5e25c0405e6414f6e72f84b15d28,visible source counts then runtime idle,request-failure-diagnostics,741.498917,2302c51842be6d2f922dc77db9cff5ecba81a086c00722bf9bf6bb616d59ab5d,actual config captured once before mount; replayed only until runtime idle,"23:46  up  9:17, 14 users, load averages: 39.16 31.21 22.82","23:46  up  9:17, 14 users, load averages: 44.49 32.70 23.49",6d1a4f64619b196620b3653934997f488bc38cd79cd4a0248b89fa1bb0ed49c0,417cb930f1689ce0596e1e7f96fb75bcd0f87f3fb165cfd359cbc62c5ca86582,8e60339c2f129bace01f65c565f033a02493e391,ea5e426448ebdfb181df10beb9283baf1227977f2ee259027b58d5d87e5ad1d4,1b41ad963ec6b6f1d8bb05d78366bd0fa0da7e6f202402a8068af8907d2bcfa4,"PID STARTED
83088 Mon Sep 14 15:22:33 2026",,[],[]
timing,True,t6,header,phase9-3,2026-09-15T06:46:20.624Z,1592.6000000014901,623.4999999888241,959,638.2999999932945,2770,50,043cd612f9658f02c496cf28ee535aec40cb5e25c0405e6414f6e72f84b15d28,043cd612f9658f02c496cf28ee535aec40cb5e25c0405e6414f6e72f84b15d28,visible source counts then runtime idle,request-failure-diagnostics,3257.6386249999996,2302c51842be6d2f922dc77db9cff5ecba81a086c00722bf9bf6bb616d59ab5d,actual config captured once before mount; replayed only until runtime idle,"23:46  up  9:17, 14 users, load averages: 44.49 32.70 23.49","23:46  up  9:18, 14 users, load averages: 53.52 35.72 24.84",6d1a4f64619b196620b3653934997f488bc38cd79cd4a0248b89fa1bb0ed49c0,417cb930f1689ce0596e1e7f96fb75bcd0f87f3fb165cfd359cbc62c5ca86582,8e60339c2f129bace01f65c565f033a02493e391,ea5e426448ebdfb181df10beb9283baf1227977f2ee259027b58d5d87e5ad1d4,1b41ad963ec6b6f1d8bb05d78366bd0fa0da7e6f202402a8068af8907d2bcfa4,"PID STARTED
83088 Mon Sep 14 15:22:33 2026",,[],[]
timing,True,t8,selected-bubbles,phase9-3,2026-09-15T06:46:45.788Z,902.2000000029802,294.19999995455146,1206,306.99999997764826,3156,50,043cd612f9658f02c496cf28ee535aec40cb5e25c0405e6414f6e72f84b15d28,043cd612f9658f02c496cf28ee535aec40cb5e25c0405e6414f6e72f84b15d28,visible source counts then runtime idle,request-failure-diagnostics,3669.502917,2302c51842be6d2f922dc77db9cff5ecba81a086c00722bf9bf6bb616d59ab5d,actual config captured once before mount; replayed only until runtime idle,"23:46  up  9:18, 14 users, load averages: 53.52 35.72 24.84","23:47  up  9:18, 14 users, load averages: 101.65 49.17 30.10",6d1a4f64619b196620b3653934997f488bc38cd79cd4a0248b89fa1bb0ed49c0,417cb930f1689ce0596e1e7f96fb75bcd0f87f3fb165cfd359cbc62c5ca86582,517c931557961a0e0de1811a87da12d69be1ebeb,018d29334ca6f7e8fa8a7f734e569643046b31de445f74b2e87aa55737f9feb1,1b41ad963ec6b6f1d8bb05d78366bd0fa0da7e6f202402a8068af8907d2bcfa4,"PID STARTED
83088 Mon Sep 14 15:22:33 2026",,[],[]
timing,True,t8,header,phase9-3,2026-09-15T06:47:18.221Z,1596.300000000745,653.2000000290573,959,669.2999999895692,2770,50,043cd612f9658f02c496cf28ee535aec40cb5e25c0405e6414f6e72f84b15d28,043cd612f9658f02c496cf28ee535aec40cb5e25c0405e6414f6e72f84b15d28,visible source counts then runtime idle,request-failure-diagnostics,7061.286834,2302c51842be6d2f922dc77db9cff5ecba81a086c00722bf9bf6bb616d59ab5d,actual config captured once before mount; replayed only until runtime idle,"23:47  up  9:18, 14 users, load averages: 101.65 49.17 30.10","23:47  up  9:19, 14 users, load averages: 117.75 58.61 34.21",6d1a4f64619b196620b3653934997f488bc38cd79cd4a0248b89fa1bb0ed49c0,417cb930f1689ce0596e1e7f96fb75bcd0f87f3fb165cfd359cbc62c5ca86582,517c931557961a0e0de1811a87da12d69be1ebeb,018d29334ca6f7e8fa8a7f734e569643046b31de445f74b2e87aa55737f9feb1,1b41ad963ec6b6f1d8bb05d78366bd0fa0da7e6f202402a8068af8907d2bcfa4,"PID STARTED
83088 Mon Sep 14 15:22:33 2026",,[],[]
timing,True,t4,selected-bubbles,phase10-1,2026-09-15T06:57:27.075Z,676.8000000007451,207.59999995306134,1206,215.8999999500811,3156,50,043cd612f9658f02c496cf28ee535aec40cb5e25c0405e6414f6e72f84b15d28,043cd612f9658f02c496cf28ee535aec40cb5e25c0405e6414f6e72f84b15d28,visible source counts then runtime idle,request-failure-diagnostics,523.8865000000001,2302c51842be6d2f922dc77db9cff5ecba81a086c00722bf9bf6bb616d59ab5d,actual config captured once before mount; replayed only until runtime idle,"23:57  up  9:28, 14 users, load averages: 13.60 21.89 26.94","23:57  up  9:28, 14 users, load averages: 13.91 21.58 26.74",6d1a4f64619b196620b3653934997f488bc38cd79cd4a0248b89fa1bb0ed49c0,417cb930f1689ce0596e1e7f96fb75bcd0f87f3fb165cfd359cbc62c5ca86582,4b2b207e41347f70f7f4620e1277903b145364a6,caa0adec3aa9d24c4d1deb8181badc2ddbd0643ac2b65df30021568bbdac8acc,1b41ad963ec6b6f1d8bb05d78366bd0fa0da7e6f202402a8068af8907d2bcfa4,"PID STARTED
83088 Mon Sep 14 15:22:33 2026",,[],[]
timing,True,t4,header,phase10-1,2026-09-15T06:57:39.658Z,1587.6000000014901,831.0999999642372,959,844.4999999701977,2770,50,043cd612f9658f02c496cf28ee535aec40cb5e25c0405e6414f6e72f84b15d28,043cd612f9658f02c496cf28ee535aec40cb5e25c0405e6414f6e72f84b15d28,visible source counts then runtime idle,request-failure-diagnostics,220.601042,2302c51842be6d2f922dc77db9cff5ecba81a086c00722bf9bf6bb616d59ab5d,actual config captured once before mount; replayed only until runtime idle,"23:57  up  9:28, 14 users, load averages: 13.91 21.58 26.74","23:57  up  9:29, 14 users, load averages: 13.68 21.40 26.65",6d1a4f64619b196620b3653934997f488bc38cd79cd4a0248b89fa1bb0ed49c0,417cb930f1689ce0596e1e7f96fb75bcd0f87f3fb165cfd359cbc62c5ca86582,4b2b207e41347f70f7f4620e1277903b145364a6,caa0adec3aa9d24c4d1deb8181badc2ddbd0643ac2b65df30021568bbdac8acc,1b41ad963ec6b6f1d8bb05d78366bd0fa0da7e6f202402a8068af8907d2bcfa4,"PID STARTED
83088 Mon Sep 14 15:22:33 2026",,[],[]
timing,True,t4,cf-person-inbox,phase10-1,2026-09-15T06:57:49.036Z,280.0999999977648,14.300000000745058,1,17.100000001490116,22,50,043cd612f9658f02c496cf28ee535aec40cb5e25c0405e6414f6e72f84b15d28,043cd612f9658f02c496cf28ee535aec40cb5e25c0405e6414f6e72f84b15d28,visible source counts then runtime idle,request-failure-diagnostics,274.362917,2302c51842be6d2f922dc77db9cff5ecba81a086c00722bf9bf6bb616d59ab5d,actual config captured once before mount; replayed only until runtime idle,"23:57  up  9:29, 14 users, load averages: 12.83 21.09 26.51","23:57  up  9:29, 14 users, load averages: 13.88 21.18 26.50",6d1a4f64619b196620b3653934997f488bc38cd79cd4a0248b89fa1bb0ed49c0,417cb930f1689ce0596e1e7f96fb75bcd0f87f3fb165cfd359cbc62c5ca86582,4b2b207e41347f70f7f4620e1277903b145364a6,caa0adec3aa9d24c4d1deb8181badc2ddbd0643ac2b65df30021568bbdac8acc,1b41ad963ec6b6f1d8bb05d78366bd0fa0da7e6f202402a8068af8907d2bcfa4,"PID STARTED
83088 Mon Sep 14 15:22:33 2026",,[],[]
timing,True,t10,selected-bubbles,phase10-1,2026-09-15T06:57:56.194Z,847.8000000007451,241.69999995827675,1206,248.79999995231628,3156,50,043cd612f9658f02c496cf28ee535aec40cb5e25c0405e6414f6e72f84b15d28,043cd612f9658f02c496cf28ee535aec40cb5e25c0405e6414f6e72f84b15d28,visible source counts then runtime idle,request-failure-diagnostics,881.349792,2302c51842be6d2f922dc77db9cff5ecba81a086c00722bf9bf6bb616d59ab5d,actual config captured once before mount; replayed only until runtime idle,"23:57  up  9:29, 14 users, load averages: 13.88 21.18 26.50","23:58  up  9:29, 14 users, load averages: 12.51 20.64 26.25",6d1a4f64619b196620b3653934997f488bc38cd79cd4a0248b89fa1bb0ed49c0,417cb930f1689ce0596e1e7f96fb75bcd0f87f3fb165cfd359cbc62c5ca86582,d092685df1ca35a7cbcc0ac17fecb023ffe58c4e,c6df91a279440567c6f56321fbf6cdfd3566af0a6daaeec8d007bb9bb01b215a,1b41ad963ec6b6f1d8bb05d78366bd0fa0da7e6f202402a8068af8907d2bcfa4,"PID STARTED
83088 Mon Sep 14 15:22:33 2026",,[],[]
timing,True,t10,header,phase10-1,2026-09-15T06:58:06.038Z,1890.199999999255,846.199999962002,959,865.0999999642372,2770,50,043cd612f9658f02c496cf28ee535aec40cb5e25c0405e6414f6e72f84b15d28,043cd612f9658f02c496cf28ee535aec40cb5e25c0405e6414f6e72f84b15d28,visible source counts then runtime idle,request-failure-diagnostics,259.780417,2302c51842be6d2f922dc77db9cff5ecba81a086c00722bf9bf6bb616d59ab5d,actual config captured once before mount; replayed only until runtime idle,"23:58  up  9:29, 14 users, load averages: 12.51 20.64 26.25","23:58  up  9:29, 14 users, load averages: 12.16 20.29 26.06",6d1a4f64619b196620b3653934997f488bc38cd79cd4a0248b89fa1bb0ed49c0,417cb930f1689ce0596e1e7f96fb75bcd0f87f3fb165cfd359cbc62c5ca86582,d092685df1ca35a7cbcc0ac17fecb023ffe58c4e,c6df91a279440567c6f56321fbf6cdfd3566af0a6daaeec8d007bb9bb01b215a,1b41ad963ec6b6f1d8bb05d78366bd0fa0da7e6f202402a8068af8907d2bcfa4,"PID STARTED
83088 Mon Sep 14 15:22:33 2026",,[],[]
timing,True,t10,cf-person-inbox,phase10-1,2026-09-15T06:58:16.286Z,126.19999999925494,10,1,12.49999999627471,22,50,043cd612f9658f02c496cf28ee535aec40cb5e25c0405e6414f6e72f84b15d28,043cd612f9658f02c496cf28ee535aec40cb5e25c0405e6414f6e72f84b15d28,visible source counts then runtime idle,request-failure-diagnostics,721.409917,2302c51842be6d2f922dc77db9cff5ecba81a086c00722bf9bf6bb616d59ab5d,actual config captured once before mount; replayed only until runtime idle,"23:58  up  9:29, 14 users, load averages: 12.16 20.29 26.06","23:58  up  9:29, 14 users, load averages: 12.39 20.21 26.00",6d1a4f64619b196620b3653934997f488bc38cd79cd4a0248b89fa1bb0ed49c0,417cb930f1689ce0596e1e7f96fb75bcd0f87f3fb165cfd359cbc62c5ca86582,d092685df1ca35a7cbcc0ac17fecb023ffe58c4e,c6df91a279440567c6f56321fbf6cdfd3566af0a6daaeec8d007bb9bb01b215a,1b41ad963ec6b6f1d8bb05d78366bd0fa0da7e6f202402a8068af8907d2bcfa4,"PID STARTED
83088 Mon Sep 14 15:22:33 2026",,[],[]
timing,True,t10,cf-person-inbox,phase10-2,2026-09-15T06:58:21.548Z,119.89999999850988,8.199999999254942,1,10,22,50,043cd612f9658f02c496cf28ee535aec40cb5e25c0405e6414f6e72f84b15d28,043cd612f9658f02c496cf28ee535aec40cb5e25c0405e6414f6e72f84b15d28,visible source counts then runtime idle,request-failure-diagnostics,231.305208,2302c51842be6d2f922dc77db9cff5ecba81a086c00722bf9bf6bb616d59ab5d,actual config captured once before mount; replayed only until runtime idle,"23:58  up  9:29, 14 users, load averages: 12.39 20.21 26.00","23:58  up  9:29, 14 users, load averages: 11.88 19.97 25.88",6d1a4f64619b196620b3653934997f488bc38cd79cd4a0248b89fa1bb0ed49c0,417cb930f1689ce0596e1e7f96fb75bcd0f87f3fb165cfd359cbc62c5ca86582,d092685df1ca35a7cbcc0ac17fecb023ffe58c4e,c6df91a279440567c6f56321fbf6cdfd3566af0a6daaeec8d007bb9bb01b215a,1b41ad963ec6b6f1d8bb05d78366bd0fa0da7e6f202402a8068af8907d2bcfa4,"PID STARTED
83088 Mon Sep 14 15:22:33 2026",,[],[]
timing,True,t10,header,phase10-2,2026-09-15T06:58:26.193Z,1169.6000000014901,557.6999999657273,961,568.699999962002,2778,50,043cd612f9658f02c496cf28ee535aec40cb5e25c0405e6414f6e72f84b15d28,043cd612f9658f02c496cf28ee535aec40cb5e25c0405e6414f6e72f84b15d28,visible source counts then runtime idle,request-failure-diagnostics,213.352166,2302c51842be6d2f922dc77db9cff5ecba81a086c00722bf9bf6bb616d59ab5d,actual config captured once before mount; replayed only until runtime idle,"23:58  up  9:29, 14 users, load averages: 11.88 19.97 25.88","23:58  up  9:29, 14 users, load averages: 11.49 19.75 25.77",6d1a4f64619b196620b3653934997f488bc38cd79cd4a0248b89fa1bb0ed49c0,417cb930f1689ce0596e1e7f96fb75bcd0f87f3fb165cfd359cbc62c5ca86582,d092685df1ca35a7cbcc0ac17fecb023ffe58c4e,c6df91a279440567c6f56321fbf6cdfd3566af0a6daaeec8d007bb9bb01b215a,1b41ad963ec6b6f1d8bb05d78366bd0fa0da7e6f202402a8068af8907d2bcfa4,"PID STARTED
83088 Mon Sep 14 15:22:33 2026",,[],[]
timing,True,t10,selected-bubbles,phase10-2,2026-09-15T06:58:34.004Z,887.3000000007451,255.3000000230968,1209,269.09999998658895,3164,50,043cd612f9658f02c496cf28ee535aec40cb5e25c0405e6414f6e72f84b15d28,043cd612f9658f02c496cf28ee535aec40cb5e25c0405e6414f6e72f84b15d28,visible source counts then runtime idle,request-failure-diagnostics,355.68691699999994,2302c51842be6d2f922dc77db9cff5ecba81a086c00722bf9bf6bb616d59ab5d,actual config captured once before mount; replayed only until runtime idle,"23:58  up  9:29, 14 users, load averages: 10.97 19.51 25.65","23:58  up  9:30, 14 users, load averages: 12.53 19.56 25.59",6d1a4f64619b196620b3653934997f488bc38cd79cd4a0248b89fa1bb0ed49c0,417cb930f1689ce0596e1e7f96fb75bcd0f87f3fb165cfd359cbc62c5ca86582,d092685df1ca35a7cbcc0ac17fecb023ffe58c4e,c6df91a279440567c6f56321fbf6cdfd3566af0a6daaeec8d007bb9bb01b215a,1b41ad963ec6b6f1d8bb05d78366bd0fa0da7e6f202402a8068af8907d2bcfa4,"PID STARTED
83088 Mon Sep 14 15:22:33 2026",,[],[]
timing,True,t4,cf-person-inbox,phase10-2,2026-09-15T06:58:49.906Z,182,16.900000002235174,1,19.600000008940697,22,50,043cd612f9658f02c496cf28ee535aec40cb5e25c0405e6414f6e72f84b15d28,043cd612f9658f02c496cf28ee535aec40cb5e25c0405e6414f6e72f84b15d28,visible source counts then runtime idle,request-failure-diagnostics,2769.8855829999998,2302c51842be6d2f922dc77db9cff5ecba81a086c00722bf9bf6bb616d59ab5d,actual config captured once before mount; replayed only until runtime idle,"23:58  up  9:30, 14 users, load averages: 20.50 21.09 26.10","23:59  up  9:30, 14 users, load averages: 32.79 23.69 26.96",6d1a4f64619b196620b3653934997f488bc38cd79cd4a0248b89fa1bb0ed49c0,417cb930f1689ce0596e1e7f96fb75bcd0f87f3fb165cfd359cbc62c5ca86582,4b2b207e41347f70f7f4620e1277903b145364a6,caa0adec3aa9d24c4d1deb8181badc2ddbd0643ac2b65df30021568bbdac8acc,1b41ad963ec6b6f1d8bb05d78366bd0fa0da7e6f202402a8068af8907d2bcfa4,"PID STARTED
83088 Mon Sep 14 15:22:33 2026",,[],[]
timing,True,t4,header,phase10-2,2026-09-15T06:59:03.569Z,2173.60000000149,1052.3999999947846,959,1074.9000000320375,2770,50,043cd612f9658f02c496cf28ee535aec40cb5e25c0405e6414f6e72f84b15d28,043cd612f9658f02c496cf28ee535aec40cb5e25c0405e6414f6e72f84b15d28,visible source counts then runtime idle,request-failure-diagnostics,3440.857167,2302c51842be6d2f922dc77db9cff5ecba81a086c00722bf9bf6bb616d59ab5d,actual config captured once before mount; replayed only until runtime idle,"23:59  up  9:30, 14 users, load averages: 32.79 23.69 26.96","23:59  up  9:30, 14 users, load averages: 45.78 27.57 28.29",6d1a4f64619b196620b3653934997f488bc38cd79cd4a0248b89fa1bb0ed49c0,417cb930f1689ce0596e1e7f96fb75bcd0f87f3fb165cfd359cbc62c5ca86582,4b2b207e41347f70f7f4620e1277903b145364a6,caa0adec3aa9d24c4d1deb8181badc2ddbd0643ac2b65df30021568bbdac8acc,1b41ad963ec6b6f1d8bb05d78366bd0fa0da7e6f202402a8068af8907d2bcfa4,"PID STARTED
83088 Mon Sep 14 15:22:33 2026",,[],[]
timing,True,t4,selected-bubbles,phase10-2,2026-09-15T06:59:23.760Z,1213.3999999985099,370.700000025332,1212,386.1999999843538,3172,50,043cd612f9658f02c496cf28ee535aec40cb5e25c0405e6414f6e72f84b15d28,043cd612f9658f02c496cf28ee535aec40cb5e25c0405e6414f6e72f84b15d28,visible source counts then runtime idle,request-failure-diagnostics,500.89604199999997,2302c51842be6d2f922dc77db9cff5ecba81a086c00722bf9bf6bb616d59ab5d,actual config captured once before mount; replayed only until runtime idle,"23:59  up  9:30, 14 users, load averages: 45.78 27.57 28.29","23:59  up  9:30, 14 users, load averages: 38.21 26.79 28.00",6d1a4f64619b196620b3653934997f488bc38cd79cd4a0248b89fa1bb0ed49c0,417cb930f1689ce0596e1e7f96fb75bcd0f87f3fb165cfd359cbc62c5ca86582,4b2b207e41347f70f7f4620e1277903b145364a6,caa0adec3aa9d24c4d1deb8181badc2ddbd0643ac2b65df30021568bbdac8acc,1b41ad963ec6b6f1d8bb05d78366bd0fa0da7e6f202402a8068af8907d2bcfa4,"PID STARTED
83088 Mon Sep 14 15:22:33 2026",,[],[]
timing,True,t4,selected-bubbles,phase10-3,2026-09-15T06:59:38.196Z,476.0999999977648,143.50000001490116,1206,150.7000000178814,3156,50,043cd612f9658f02c496cf28ee535aec40cb5e25c0405e6414f6e72f84b15d28,043cd612f9658f02c496cf28ee535aec40cb5e25c0405e6414f6e72f84b15d28,visible source counts then runtime idle,request-failure-diagnostics,374.9211670000001,2302c51842be6d2f922dc77db9cff5ecba81a086c00722bf9bf6bb616d59ab5d,actual config captured once before mount; replayed only until runtime idle,"23:59  up  9:30, 14 users, load averages: 38.21 26.79 28.00","23:59  up  9:31, 14 users, load averages: 33.96 26.25 27.80",6d1a4f64619b196620b3653934997f488bc38cd79cd4a0248b89fa1bb0ed49c0,417cb930f1689ce0596e1e7f96fb75bcd0f87f3fb165cfd359cbc62c5ca86582,4b2b207e41347f70f7f4620e1277903b145364a6,caa0adec3aa9d24c4d1deb8181badc2ddbd0643ac2b65df30021568bbdac8acc,1b41ad963ec6b6f1d8bb05d78366bd0fa0da7e6f202402a8068af8907d2bcfa4,"PID STARTED
83088 Mon Sep 14 15:22:33 2026",,[],[]
timing,True,t4,header,phase10-3,2026-09-15T06:59:48.672Z,916.1999999992549,453.8999999091029,959,462.0999999009073,2770,50,043cd612f9658f02c496cf28ee535aec40cb5e25c0405e6414f6e72f84b15d28,043cd612f9658f02c496cf28ee535aec40cb5e25c0405e6414f6e72f84b15d28,visible source counts then runtime idle,request-failure-diagnostics,318.075542,2302c51842be6d2f922dc77db9cff5ecba81a086c00722bf9bf6bb616d59ab5d,actual config captured once before mount; replayed only until runtime idle,"23:59  up  9:31, 14 users, load averages: 33.96 26.25 27.80","23:59  up  9:31, 14 users, load averages: 30.35 25.73 27.59",6d1a4f64619b196620b3653934997f488bc38cd79cd4a0248b89fa1bb0ed49c0,417cb930f1689ce0596e1e7f96fb75bcd0f87f3fb165cfd359cbc62c5ca86582,4b2b207e41347f70f7f4620e1277903b145364a6,caa0adec3aa9d24c4d1deb8181badc2ddbd0643ac2b65df30021568bbdac8acc,1b41ad963ec6b6f1d8bb05d78366bd0fa0da7e6f202402a8068af8907d2bcfa4,"PID STARTED
83088 Mon Sep 14 15:22:33 2026",,[],[]
timing,True,t4,cf-person-inbox,phase10-3,2026-09-15T06:59:56.433Z,124.60000000149012,10,1,11.399999998509884,22,50,043cd612f9658f02c496cf28ee535aec40cb5e25c0405e6414f6e72f84b15d28,043cd612f9658f02c496cf28ee535aec40cb5e25c0405e6414f6e72f84b15d28,visible source counts then runtime idle,request-failure-diagnostics,279.278417,2302c51842be6d2f922dc77db9cff5ecba81a086c00722bf9bf6bb616d59ab5d,actual config captured once before mount; replayed only until runtime idle,"23:59  up  9:31, 14 users, load averages: 30.35 25.73 27.59","0:00  up  9:31, 14 users, load averages: 28.56 25.44 27.48",6d1a4f64619b196620b3653934997f488bc38cd79cd4a0248b89fa1bb0ed49c0,417cb930f1689ce0596e1e7f96fb75bcd0f87f3fb165cfd359cbc62c5ca86582,4b2b207e41347f70f7f4620e1277903b145364a6,caa0adec3aa9d24c4d1deb8181badc2ddbd0643ac2b65df30021568bbdac8acc,1b41ad963ec6b6f1d8bb05d78366bd0fa0da7e6f202402a8068af8907d2bcfa4,"PID STARTED
83088 Mon Sep 14 15:22:33 2026",,[],[]
timing,True,t10,selected-bubbles,phase10-3,2026-09-15T07:00:00.724Z,530.6000000014901,151.90000005811453,1206,159.70000006258488,3156,50,043cd612f9658f02c496cf28ee535aec40cb5e25c0405e6414f6e72f84b15d28,043cd612f9658f02c496cf28ee535aec40cb5e25c0405e6414f6e72f84b15d28,visible source counts then runtime idle,request-failure-diagnostics,301.7072079999999,2302c51842be6d2f922dc77db9cff5ecba81a086c00722bf9bf6bb616d59ab5d,actual config captured once before mount; replayed only until runtime idle,"0:00  up  9:31, 14 users, load averages: 28.56 25.44 27.48","0:00  up  9:31, 14 users, load averages: 27.00 25.16 27.37",6d1a4f64619b196620b3653934997f488bc38cd79cd4a0248b89fa1bb0ed49c0,417cb930f1689ce0596e1e7f96fb75bcd0f87f3fb165cfd359cbc62c5ca86582,d092685df1ca35a7cbcc0ac17fecb023ffe58c4e,c6df91a279440567c6f56321fbf6cdfd3566af0a6daaeec8d007bb9bb01b215a,1b41ad963ec6b6f1d8bb05d78366bd0fa0da7e6f202402a8068af8907d2bcfa4,"PID STARTED
83088 Mon Sep 14 15:22:33 2026",,[],[]
timing,True,t10,header,phase10-3,2026-09-15T07:00:07.911Z,810.6999999992549,392.3000000305474,959,398.3000000305474,2770,50,043cd612f9658f02c496cf28ee535aec40cb5e25c0405e6414f6e72f84b15d28,043cd612f9658f02c496cf28ee535aec40cb5e25c0405e6414f6e72f84b15d28,visible source counts then runtime idle,request-failure-diagnostics,285.69541699999996,2302c51842be6d2f922dc77db9cff5ecba81a086c00722bf9bf6bb616d59ab5d,actual config captured once before mount; replayed only until runtime idle,"0:00  up  9:31, 14 users, load averages: 27.00 25.16 27.37","0:00  up  9:31, 14 users, load averages: 24.16 24.61 27.15",6d1a4f64619b196620b3653934997f488bc38cd79cd4a0248b89fa1bb0ed49c0,417cb930f1689ce0596e1e7f96fb75bcd0f87f3fb165cfd359cbc62c5ca86582,d092685df1ca35a7cbcc0ac17fecb023ffe58c4e,c6df91a279440567c6f56321fbf6cdfd3566af0a6daaeec8d007bb9bb01b215a,1b41ad963ec6b6f1d8bb05d78366bd0fa0da7e6f202402a8068af8907d2bcfa4,"PID STARTED
83088 Mon Sep 14 15:22:33 2026",,[],[]
timing,True,t10,cf-person-inbox,phase10-3,2026-09-15T07:00:17.468Z,114.30000000074506,10.100000001490116,1,11.400000002235174,22,50,043cd612f9658f02c496cf28ee535aec40cb5e25c0405e6414f6e72f84b15d28,043cd612f9658f02c496cf28ee535aec40cb5e25c0405e6414f6e72f84b15d28,visible source counts then runtime idle,request-failure-diagnostics,390.570458,2302c51842be6d2f922dc77db9cff5ecba81a086c00722bf9bf6bb616d59ab5d,actual config captured once before mount; replayed only until runtime idle,"0:00  up  9:31, 14 users, load averages: 24.16 24.61 27.15","0:00  up  9:31, 14 users, load averages: 22.94 24.35 27.04",6d1a4f64619b196620b3653934997f488bc38cd79cd4a0248b89fa1bb0ed49c0,417cb930f1689ce0596e1e7f96fb75bcd0f87f3fb165cfd359cbc62c5ca86582,d092685df1ca35a7cbcc0ac17fecb023ffe58c4e,c6df91a279440567c6f56321fbf6cdfd3566af0a6daaeec8d007bb9bb01b215a,1b41ad963ec6b6f1d8bb05d78366bd0fa0da7e6f202402a8068af8907d2bcfa4,"PID STARTED
83088 Mon Sep 14 15:22:33 2026",,[],[]
timing,True,t4,header,phase11-1,2026-09-15T07:11:00.834Z,1598,797.8000000230968,959,812.7999999858439,2770,50,043cd612f9658f02c496cf28ee535aec40cb5e25c0405e6414f6e72f84b15d28,043cd612f9658f02c496cf28ee535aec40cb5e25c0405e6414f6e72f84b15d28,visible source counts then runtime idle,request-failure-diagnostics,443.19162499999993,2302c51842be6d2f922dc77db9cff5ecba81a086c00722bf9bf6bb616d59ab5d,actual config captured once before mount; replayed only until runtime idle,"0:11  up  9:42, 14 users, load averages: 10.08 32.63 32.73","0:11  up  9:42, 14 users, load averages: 8.97 30.92 32.12",6d1a4f64619b196620b3653934997f488bc38cd79cd4a0248b89fa1bb0ed49c0,417cb930f1689ce0596e1e7f96fb75bcd0f87f3fb165cfd359cbc62c5ca86582,4b2b207e41347f70f7f4620e1277903b145364a6,caa0adec3aa9d24c4d1deb8181badc2ddbd0643ac2b65df30021568bbdac8acc,1b41ad963ec6b6f1d8bb05d78366bd0fa0da7e6f202402a8068af8907d2bcfa4,"PID STARTED
83088 Mon Sep 14 15:22:33 2026",,[],"[{""url"": ""http://localhost:8022/_health"", ""method"": ""GET"", ""failure"": {""errorText"": ""net::ERR_ABORTED""}}]"
timing,True,t4,selected-bubbles,phase11-1,2026-09-15T07:11:21.222Z,831.8000000007451,276.70000002905726,1206,288.8000000156462,3156,50,043cd612f9658f02c496cf28ee535aec40cb5e25c0405e6414f6e72f84b15d28,043cd612f9658f02c496cf28ee535aec40cb5e25c0405e6414f6e72f84b15d28,visible source counts then runtime idle,request-failure-diagnostics,416.64258399999994,2302c51842be6d2f922dc77db9cff5ecba81a086c00722bf9bf6bb616d59ab5d,actual config captured once before mount; replayed only until runtime idle,"0:11  up  9:42, 14 users, load averages: 8.97 30.92 32.12","0:11  up  9:42, 14 users, load averages: 9.95 30.40 31.92",6d1a4f64619b196620b3653934997f488bc38cd79cd4a0248b89fa1bb0ed49c0,417cb930f1689ce0596e1e7f96fb75bcd0f87f3fb165cfd359cbc62c5ca86582,4b2b207e41347f70f7f4620e1277903b145364a6,caa0adec3aa9d24c4d1deb8181badc2ddbd0643ac2b65df30021568bbdac8acc,1b41ad963ec6b6f1d8bb05d78366bd0fa0da7e6f202402a8068af8907d2bcfa4,"PID STARTED
83088 Mon Sep 14 15:22:33 2026",,[],[]
timing,True,t4,merge-bubbles,phase11-1,2026-09-15T07:11:32.209Z,10153.5,8180.900000043213,1207,8437.400000035763,3156,50,043cd612f9658f02c496cf28ee535aec40cb5e25c0405e6414f6e72f84b15d28,043cd612f9658f02c496cf28ee535aec40cb5e25c0405e6414f6e72f84b15d28,visible source counts then runtime idle,request-failure-diagnostics,348.361125,2302c51842be6d2f922dc77db9cff5ecba81a086c00722bf9bf6bb616d59ab5d,actual config captured once before mount; replayed only until runtime idle,"0:11  up  9:42, 14 users, load averages: 9.95 30.40 31.92","0:12  up  9:43, 14 users, load averages: 11.39 27.47 30.74",6d1a4f64619b196620b3653934997f488bc38cd79cd4a0248b89fa1bb0ed49c0,417cb930f1689ce0596e1e7f96fb75bcd0f87f3fb165cfd359cbc62c5ca86582,4b2b207e41347f70f7f4620e1277903b145364a6,caa0adec3aa9d24c4d1deb8181badc2ddbd0643ac2b65df30021568bbdac8acc,1b41ad963ec6b6f1d8bb05d78366bd0fa0da7e6f202402a8068af8907d2bcfa4,"PID STARTED
83088 Mon Sep 14 15:22:33 2026",,[],[]
timing,True,t4,cf-person-inbox,phase11-1,2026-09-15T07:12:24.524Z,1060.4000000022352,15.199999999254942,1,17.49999999254942,22,50,043cd612f9658f02c496cf28ee535aec40cb5e25c0405e6414f6e72f84b15d28,043cd612f9658f02c496cf28ee535aec40cb5e25c0405e6414f6e72f84b15d28,visible source counts then runtime idle,request-failure-diagnostics,284.434708,2302c51842be6d2f922dc77db9cff5ecba81a086c00722bf9bf6bb616d59ab5d,actual config captured once before mount; replayed only until runtime idle,"0:12  up  9:43, 14 users, load averages: 11.39 27.47 30.74","0:12  up  9:43, 14 users, load averages: 10.95 27.11 30.59",6d1a4f64619b196620b3653934997f488bc38cd79cd4a0248b89fa1bb0ed49c0,417cb930f1689ce0596e1e7f96fb75bcd0f87f3fb165cfd359cbc62c5ca86582,4b2b207e41347f70f7f4620e1277903b145364a6,caa0adec3aa9d24c4d1deb8181badc2ddbd0643ac2b65df30021568bbdac8acc,1b41ad963ec6b6f1d8bb05d78366bd0fa0da7e6f202402a8068af8907d2bcfa4,"PID STARTED
83088 Mon Sep 14 15:22:33 2026",,[],[]
timing,True,t4,cf-person-inbox,phase11-2,2026-09-15T07:12:31.042Z,192.5,32.100000005215406,4,35.20000000298023,28,50,043cd612f9658f02c496cf28ee535aec40cb5e25c0405e6414f6e72f84b15d28,043cd612f9658f02c496cf28ee535aec40cb5e25c0405e6414f6e72f84b15d28,visible source counts then runtime idle,request-failure-diagnostics,354.85175000000004,2302c51842be6d2f922dc77db9cff5ecba81a086c00722bf9bf6bb616d59ab5d,actual config captured once before mount; replayed only until runtime idle,"0:12  up  9:43, 14 users, load averages: 10.95 27.11 30.59","0:12  up  9:44, 14 users, load averages: 10.44 26.21 30.21",6d1a4f64619b196620b3653934997f488bc38cd79cd4a0248b89fa1bb0ed49c0,417cb930f1689ce0596e1e7f96fb75bcd0f87f3fb165cfd359cbc62c5ca86582,4b2b207e41347f70f7f4620e1277903b145364a6,caa0adec3aa9d24c4d1deb8181badc2ddbd0643ac2b65df30021568bbdac8acc,1b41ad963ec6b6f1d8bb05d78366bd0fa0da7e6f202402a8068af8907d2bcfa4,"PID STARTED
83088 Mon Sep 14 15:22:33 2026",,[],[]
timing,True,t4,merge-bubbles,phase11-2,2026-09-15T07:12:47.408Z,6434.400000002235,5254.800000015646,1207,5402.099999979138,3156,50,043cd612f9658f02c496cf28ee535aec40cb5e25c0405e6414f6e72f84b15d28,043cd612f9658f02c496cf28ee535aec40cb5e25c0405e6414f6e72f84b15d28,visible source counts then runtime idle,request-failure-diagnostics,302.934875,2302c51842be6d2f922dc77db9cff5ecba81a086c00722bf9bf6bb616d59ab5d,actual config captured once before mount; replayed only until runtime idle,"0:12  up  9:44, 14 users, load averages: 10.44 26.21 30.21","0:13  up  9:44, 14 users, load averages: 8.56 23.99 29.24",6d1a4f64619b196620b3653934997f488bc38cd79cd4a0248b89fa1bb0ed49c0,417cb930f1689ce0596e1e7f96fb75bcd0f87f3fb165cfd359cbc62c5ca86582,4b2b207e41347f70f7f4620e1277903b145364a6,caa0adec3aa9d24c4d1deb8181badc2ddbd0643ac2b65df30021568bbdac8acc,1b41ad963ec6b6f1d8bb05d78366bd0fa0da7e6f202402a8068af8907d2bcfa4,"PID STARTED
83088 Mon Sep 14 15:22:33 2026",,[],[]
timing,True,t4,selected-bubbles,phase11-2,2026-09-15T07:13:19.363Z,440.6000000014901,136.7000000104308,1206,141.39999999850988,3156,50,043cd612f9658f02c496cf28ee535aec40cb5e25c0405e6414f6e72f84b15d28,043cd612f9658f02c496cf28ee535aec40cb5e25c0405e6414f6e72f84b15d28,visible source counts then runtime idle,request-failure-diagnostics,215.09108399999997,2302c51842be6d2f922dc77db9cff5ecba81a086c00722bf9bf6bb616d59ab5d,actual config captured once before mount; replayed only until runtime idle,"0:13  up  9:44, 14 users, load averages: 8.56 23.99 29.24","0:13  up  9:44, 14 users, load averages: 8.35 23.69 29.10",6d1a4f64619b196620b3653934997f488bc38cd79cd4a0248b89fa1bb0ed49c0,417cb930f1689ce0596e1e7f96fb75bcd0f87f3fb165cfd359cbc62c5ca86582,4b2b207e41347f70f7f4620e1277903b145364a6,caa0adec3aa9d24c4d1deb8181badc2ddbd0643ac2b65df30021568bbdac8acc,1b41ad963ec6b6f1d8bb05d78366bd0fa0da7e6f202402a8068af8907d2bcfa4,"PID STARTED
83088 Mon Sep 14 15:22:33 2026",,[],[]
timing,True,t4,header,phase11-2,2026-09-15T07:13:25.315Z,767,365.2999999895692,959,372.6999999843538,2770,50,043cd612f9658f02c496cf28ee535aec40cb5e25c0405e6414f6e72f84b15d28,043cd612f9658f02c496cf28ee535aec40cb5e25c0405e6414f6e72f84b15d28,visible source counts then runtime idle,request-failure-diagnostics,216.99683299999998,2302c51842be6d2f922dc77db9cff5ecba81a086c00722bf9bf6bb616d59ab5d,actual config captured once before mount; replayed only until runtime idle,"0:13  up  9:44, 14 users, load averages: 8.35 23.69 29.10","0:13  up  9:44, 14 users, load averages: 8.24 23.41 28.97",6d1a4f64619b196620b3653934997f488bc38cd79cd4a0248b89fa1bb0ed49c0,417cb930f1689ce0596e1e7f96fb75bcd0f87f3fb165cfd359cbc62c5ca86582,4b2b207e41347f70f7f4620e1277903b145364a6,caa0adec3aa9d24c4d1deb8181badc2ddbd0643ac2b65df30021568bbdac8acc,1b41ad963ec6b6f1d8bb05d78366bd0fa0da7e6f202402a8068af8907d2bcfa4,"PID STARTED
83088 Mon Sep 14 15:22:33 2026",,[],[]
timing,True,t4,header,phase11-3,2026-09-15T07:13:31.643Z,1251.5,658.799999948591,961,670.3999999538064,2778,50,043cd612f9658f02c496cf28ee535aec40cb5e25c0405e6414f6e72f84b15d28,043cd612f9658f02c496cf28ee535aec40cb5e25c0405e6414f6e72f84b15d28,visible source counts then runtime idle,request-failure-diagnostics,364.88374999999996,2302c51842be6d2f922dc77db9cff5ecba81a086c00722bf9bf6bb616d59ab5d,actual config captured once before mount; replayed only until runtime idle,"0:13  up  9:44, 14 users, load averages: 8.24 23.41 28.97","0:13  up  9:45, 14 users, load averages: 8.70 23.02 28.77",6d1a4f64619b196620b3653934997f488bc38cd79cd4a0248b89fa1bb0ed49c0,417cb930f1689ce0596e1e7f96fb75bcd0f87f3fb165cfd359cbc62c5ca86582,4b2b207e41347f70f7f4620e1277903b145364a6,caa0adec3aa9d24c4d1deb8181badc2ddbd0643ac2b65df30021568bbdac8acc,1b41ad963ec6b6f1d8bb05d78366bd0fa0da7e6f202402a8068af8907d2bcfa4,"PID STARTED
83088 Mon Sep 14 15:22:33 2026",,[],[]
timing,True,t4,selected-bubbles,phase11-3,2026-09-15T07:13:42.298Z,561.4000000022352,173.0000000335276,1206,180.90000000968575,3156,50,043cd612f9658f02c496cf28ee535aec40cb5e25c0405e6414f6e72f84b15d28,043cd612f9658f02c496cf28ee535aec40cb5e25c0405e6414f6e72f84b15d28,visible source counts then runtime idle,request-failure-diagnostics,287.12654200000003,2302c51842be6d2f922dc77db9cff5ecba81a086c00722bf9bf6bb616d59ab5d,actual config captured once before mount; replayed only until runtime idle,"0:13  up  9:45, 14 users, load averages: 8.70 23.02 28.77","0:13  up  9:45, 14 users, load averages: 8.38 22.48 28.51",6d1a4f64619b196620b3653934997f488bc38cd79cd4a0248b89fa1bb0ed49c0,417cb930f1689ce0596e1e7f96fb75bcd0f87f3fb165cfd359cbc62c5ca86582,4b2b207e41347f70f7f4620e1277903b145364a6,caa0adec3aa9d24c4d1deb8181badc2ddbd0643ac2b65df30021568bbdac8acc,1b41ad963ec6b6f1d8bb05d78366bd0fa0da7e6f202402a8068af8907d2bcfa4,"PID STARTED
83088 Mon Sep 14 15:22:33 2026",,[],[]
timing,True,t4,merge-bubbles,phase11-3,2026-09-15T07:13:51.058Z,8162.5,6635.099999997765,1207,6811.600000016391,3156,50,043cd612f9658f02c496cf28ee535aec40cb5e25c0405e6414f6e72f84b15d28,043cd612f9658f02c496cf28ee535aec40cb5e25c0405e6414f6e72f84b15d28,visible source counts then runtime idle,request-failure-diagnostics,261.465917,2302c51842be6d2f922dc77db9cff5ecba81a086c00722bf9bf6bb616d59ab5d,actual config captured once before mount; replayed only until runtime idle,"0:13  up  9:45, 14 users, load averages: 8.38 22.48 28.51","0:14  up  9:45, 14 users, load averages: 7.32 20.68 27.61",6d1a4f64619b196620b3653934997f488bc38cd79cd4a0248b89fa1bb0ed49c0,417cb930f1689ce0596e1e7f96fb75bcd0f87f3fb165cfd359cbc62c5ca86582,4b2b207e41347f70f7f4620e1277903b145364a6,caa0adec3aa9d24c4d1deb8181badc2ddbd0643ac2b65df30021568bbdac8acc,1b41ad963ec6b6f1d8bb05d78366bd0fa0da7e6f202402a8068af8907d2bcfa4,"PID STARTED
83088 Mon Sep 14 15:22:33 2026",,[],[]
timing,True,t4,cf-person-inbox,phase11-3,2026-09-15T07:14:27.557Z,590.5,72.80000000447035,7,79.19999999925494,36,50,043cd612f9658f02c496cf28ee535aec40cb5e25c0405e6414f6e72f84b15d28,043cd612f9658f02c496cf28ee535aec40cb5e25c0405e6414f6e72f84b15d28,visible source counts then runtime idle,request-failure-diagnostics,368.604666,2302c51842be6d2f922dc77db9cff5ecba81a086c00722bf9bf6bb616d59ab5d,actual config captured once before mount; replayed only until runtime idle,"0:14  up  9:45, 14 users, load averages: 7.32 20.68 27.61","0:14  up  9:45, 14 users, load averages: 6.73 20.11 27.33",6d1a4f64619b196620b3653934997f488bc38cd79cd4a0248b89fa1bb0ed49c0,417cb930f1689ce0596e1e7f96fb75bcd0f87f3fb165cfd359cbc62c5ca86582,4b2b207e41347f70f7f4620e1277903b145364a6,caa0adec3aa9d24c4d1deb8181badc2ddbd0643ac2b65df30021568bbdac8acc,1b41ad963ec6b6f1d8bb05d78366bd0fa0da7e6f202402a8068af8907d2bcfa4,"PID STARTED
83088 Mon Sep 14 15:22:33 2026",,[],[]
diagnostic,False,t4,merge-bubbles,phase11cpu-nodes,2026-09-15T07:15:12.929Z,,,,,,,,043cd612f9658f02c496cf28ee535aec40cb5e25c0405e6414f6e72f84b15d28,,request-failure-diagnostics,257.77162500000003,2302c51842be6d2f922dc77db9cff5ecba81a086c00722bf9bf6bb616d59ab5d,actual config captured once before mount; replayed only until runtime idle,"0:15  up  9:46, 14 users, load averages: 6.21 18.53 26.46","0:16  up  9:47, 14 users, load averages: 21.27 20.01 26.44",6d1a4f64619b196620b3653934997f488bc38cd79cd4a0248b89fa1bb0ed49c0,417cb930f1689ce0596e1e7f96fb75bcd0f87f3fb165cfd359cbc62c5ca86582,4b2b207e41347f70f7f4620e1277903b145364a6,caa0adec3aa9d24c4d1deb8181badc2ddbd0643ac2b65df30021568bbdac8acc,1b41ad963ec6b6f1d8bb05d78366bd0fa0da7e6f202402a8068af8907d2bcfa4,"PID STARTED
83088 Mon Sep 14 15:22:33 2026",Error: Pane interaction unavailable: [pattern-pane] mount failed: RuntimeClient request timed out: piece:start,[],[]
timing,True,t4,selected-bubbles,phase12-1,2026-09-15T07:25:30.703Z,860.6999999992549,263.8999999985099,1212,276.29999996721745,3172,50,043cd612f9658f02c496cf28ee535aec40cb5e25c0405e6414f6e72f84b15d28,043cd612f9658f02c496cf28ee535aec40cb5e25c0405e6414f6e72f84b15d28,visible source counts then runtime idle,request-failure-diagnostics,402.48016699999994,2302c51842be6d2f922dc77db9cff5ecba81a086c00722bf9bf6bb616d59ab5d,actual config captured once before mount; replayed only until runtime idle,"0:25  up  9:56, 14 users, load averages: 27.77 40.65 37.26","0:25  up  9:57, 14 users, load averages: 25.02 39.64 36.94",6d1a4f64619b196620b3653934997f488bc38cd79cd4a0248b89fa1bb0ed49c0,417cb930f1689ce0596e1e7f96fb75bcd0f87f3fb165cfd359cbc62c5ca86582,4b2b207e41347f70f7f4620e1277903b145364a6,caa0adec3aa9d24c4d1deb8181badc2ddbd0643ac2b65df30021568bbdac8acc,1b41ad963ec6b6f1d8bb05d78366bd0fa0da7e6f202402a8068af8907d2bcfa4,"PID STARTED
83088 Mon Sep 14 15:22:33 2026",,[],[]
timing,True,t4,header,phase12-1,2026-09-15T07:25:44.185Z,1403.6000000014901,675.8000000081956,959,691.5000000037253,2770,50,043cd612f9658f02c496cf28ee535aec40cb5e25c0405e6414f6e72f84b15d28,043cd612f9658f02c496cf28ee535aec40cb5e25c0405e6414f6e72f84b15d28,visible source counts then runtime idle,request-failure-diagnostics,332.54320900000005,2302c51842be6d2f922dc77db9cff5ecba81a086c00722bf9bf6bb616d59ab5d,actual config captured once before mount; replayed only until runtime idle,"0:25  up  9:57, 14 users, load averages: 25.02 39.64 36.94","0:25  up  9:57, 14 users, load averages: 21.46 38.14 36.45",6d1a4f64619b196620b3653934997f488bc38cd79cd4a0248b89fa1bb0ed49c0,417cb930f1689ce0596e1e7f96fb75bcd0f87f3fb165cfd359cbc62c5ca86582,4b2b207e41347f70f7f4620e1277903b145364a6,caa0adec3aa9d24c4d1deb8181badc2ddbd0643ac2b65df30021568bbdac8acc,1b41ad963ec6b6f1d8bb05d78366bd0fa0da7e6f202402a8068af8907d2bcfa4,"PID STARTED
83088 Mon Sep 14 15:22:33 2026",,[],[]
timing,True,t4,cf-person-inbox,phase12-1,2026-09-15T07:25:55.836Z,351.9000000022352,33.900000002235174,1,36.900000005960464,22,50,043cd612f9658f02c496cf28ee535aec40cb5e25c0405e6414f6e72f84b15d28,043cd612f9658f02c496cf28ee535aec40cb5e25c0405e6414f6e72f84b15d28,visible source counts then runtime idle,request-failure-diagnostics,332.40045899999996,2302c51842be6d2f922dc77db9cff5ecba81a086c00722bf9bf6bb616d59ab5d,actual config captured once before mount; replayed only until runtime idle,"0:25  up  9:57, 14 users, load averages: 21.46 38.14 36.45","0:26  up  9:57, 14 users, load averages: 20.62 37.69 36.30",6d1a4f64619b196620b3653934997f488bc38cd79cd4a0248b89fa1bb0ed49c0,417cb930f1689ce0596e1e7f96fb75bcd0f87f3fb165cfd359cbc62c5ca86582,4b2b207e41347f70f7f4620e1277903b145364a6,caa0adec3aa9d24c4d1deb8181badc2ddbd0643ac2b65df30021568bbdac8acc,1b41ad963ec6b6f1d8bb05d78366bd0fa0da7e6f202402a8068af8907d2bcfa4,"PID STARTED
83088 Mon Sep 14 15:22:33 2026",,[],[]
timing,True,t12,selected-bubbles,phase12-1,2026-09-15T07:26:03.889Z,668.9000000022352,172.19999999925494,10,174.40000000223517,1588,50,043cd612f9658f02c496cf28ee535aec40cb5e25c0405e6414f6e72f84b15d28,043cd612f9658f02c496cf28ee535aec40cb5e25c0405e6414f6e72f84b15d28,visible source counts then runtime idle,request-failure-diagnostics,369.03420800000004,2302c51842be6d2f922dc77db9cff5ecba81a086c00722bf9bf6bb616d59ab5d,actual config captured once before mount; replayed only until runtime idle,"0:26  up  9:57, 14 users, load averages: 20.62 37.69 36.30","0:26  up  9:57, 14 users, load averages: 18.83 36.74 35.98",6d1a4f64619b196620b3653934997f488bc38cd79cd4a0248b89fa1bb0ed49c0,417cb930f1689ce0596e1e7f96fb75bcd0f87f3fb165cfd359cbc62c5ca86582,ae7bfd91f75351a50960855b20faf66655c8856a,f7eb4578931cc1bc1d5041ecd4b27d47f393485a6c425f50c8124fea3eee0588,1b41ad963ec6b6f1d8bb05d78366bd0fa0da7e6f202402a8068af8907d2bcfa4,"PID STARTED
83088 Mon Sep 14 15:22:33 2026",,[],[]
timing,True,t12,header,phase12-1,2026-09-15T07:26:13.319Z,812.4000000022352,407.20000000298023,12,409.29999999701977,1398,50,043cd612f9658f02c496cf28ee535aec40cb5e25c0405e6414f6e72f84b15d28,043cd612f9658f02c496cf28ee535aec40cb5e25c0405e6414f6e72f84b15d28,visible source counts then runtime idle,request-failure-diagnostics,306.93387499999994,2302c51842be6d2f922dc77db9cff5ecba81a086c00722bf9bf6bb616d59ab5d,actual config captured once before mount; replayed only until runtime idle,"0:26  up  9:57, 14 users, load averages: 18.83 36.74 35.98","0:26  up  9:57, 14 users, load averages: 16.85 35.73 35.63",6d1a4f64619b196620b3653934997f488bc38cd79cd4a0248b89fa1bb0ed49c0,417cb930f1689ce0596e1e7f96fb75bcd0f87f3fb165cfd359cbc62c5ca86582,ae7bfd91f75351a50960855b20faf66655c8856a,f7eb4578931cc1bc1d5041ecd4b27d47f393485a6c425f50c8124fea3eee0588,1b41ad963ec6b6f1d8bb05d78366bd0fa0da7e6f202402a8068af8907d2bcfa4,"PID STARTED
83088 Mon Sep 14 15:22:33 2026",,[],[]
timing,True,t12,cf-person-inbox,phase12-1,2026-09-15T07:26:20.376Z,125.80000000074506,9.099999997764826,1,10.799999993294477,18,50,043cd612f9658f02c496cf28ee535aec40cb5e25c0405e6414f6e72f84b15d28,043cd612f9658f02c496cf28ee535aec40cb5e25c0405e6414f6e72f84b15d28,visible source counts then runtime idle,request-failure-diagnostics,245.85104199999995,2302c51842be6d2f922dc77db9cff5ecba81a086c00722bf9bf6bb616d59ab5d,actual config captured once before mount; replayed only until runtime idle,"0:26  up  9:57, 14 users, load averages: 16.85 35.73 35.63","0:26  up  9:57, 14 users, load averages: 16.85 35.73 35.63",6d1a4f64619b196620b3653934997f488bc38cd79cd4a0248b89fa1bb0ed49c0,417cb930f1689ce0596e1e7f96fb75bcd0f87f3fb165cfd359cbc62c5ca86582,ae7bfd91f75351a50960855b20faf66655c8856a,f7eb4578931cc1bc1d5041ecd4b27d47f393485a6c425f50c8124fea3eee0588,1b41ad963ec6b6f1d8bb05d78366bd0fa0da7e6f202402a8068af8907d2bcfa4,"PID STARTED
83088 Mon Sep 14 15:22:33 2026",,[],[]
timing,True,t12,cf-person-inbox,phase12-2,2026-09-15T07:26:24.577Z,132.5,10.399999998509884,1,11.599999997764826,18,50,043cd612f9658f02c496cf28ee535aec40cb5e25c0405e6414f6e72f84b15d28,043cd612f9658f02c496cf28ee535aec40cb5e25c0405e6414f6e72f84b15d28,visible source counts then runtime idle,request-failure-diagnostics,215.70891600000004,2302c51842be6d2f922dc77db9cff5ecba81a086c00722bf9bf6bb616d59ab5d,actual config captured once before mount; replayed only until runtime idle,"0:26  up  9:57, 14 users, load averages: 16.70 35.38 35.51","0:26  up  9:57, 14 users, load averages: 16.70 35.38 35.51",6d1a4f64619b196620b3653934997f488bc38cd79cd4a0248b89fa1bb0ed49c0,417cb930f1689ce0596e1e7f96fb75bcd0f87f3fb165cfd359cbc62c5ca86582,ae7bfd91f75351a50960855b20faf66655c8856a,f7eb4578931cc1bc1d5041ecd4b27d47f393485a6c425f50c8124fea3eee0588,1b41ad963ec6b6f1d8bb05d78366bd0fa0da7e6f202402a8068af8907d2bcfa4,"PID STARTED
83088 Mon Sep 14 15:22:33 2026",,[],[]
timing,True,t12,header,phase12-2,2026-09-15T07:26:28.745Z,875.4000000022352,440.3999999985099,14,443.1000000052154,1406,50,043cd612f9658f02c496cf28ee535aec40cb5e25c0405e6414f6e72f84b15d28,043cd612f9658f02c496cf28ee535aec40cb5e25c0405e6414f6e72f84b15d28,visible source counts then runtime idle,request-failure-diagnostics,236.183917,2302c51842be6d2f922dc77db9cff5ecba81a086c00722bf9bf6bb616d59ab5d,actual config captured once before mount; replayed only until runtime idle,"0:26  up  9:57, 14 users, load averages: 16.70 35.38 35.51","0:26  up  9:57, 14 users, load averages: 14.82 34.37 35.14",6d1a4f64619b196620b3653934997f488bc38cd79cd4a0248b89fa1bb0ed49c0,417cb930f1689ce0596e1e7f96fb75bcd0f87f3fb165cfd359cbc62c5ca86582,ae7bfd91f75351a50960855b20faf66655c8856a,f7eb4578931cc1bc1d5041ecd4b27d47f393485a6c425f50c8124fea3eee0588,1b41ad963ec6b6f1d8bb05d78366bd0fa0da7e6f202402a8068af8907d2bcfa4,"PID STARTED
83088 Mon Sep 14 15:22:33 2026",,[],[]
timing,True,t12,selected-bubbles,phase12-2,2026-09-15T07:26:35.708Z,474.19999999925494,120.19999999180436,16,122.69999999925494,1604,50,043cd612f9658f02c496cf28ee535aec40cb5e25c0405e6414f6e72f84b15d28,043cd612f9658f02c496cf28ee535aec40cb5e25c0405e6414f6e72f84b15d28,visible source counts then runtime idle,request-failure-diagnostics,234.3605,2302c51842be6d2f922dc77db9cff5ecba81a086c00722bf9bf6bb616d59ab5d,actual config captured once before mount; replayed only until runtime idle,"0:26  up  9:57, 14 users, load averages: 14.82 34.37 35.14","0:26  up  9:58, 14 users, load averages: 14.11 33.56 34.85",6d1a4f64619b196620b3653934997f488bc38cd79cd4a0248b89fa1bb0ed49c0,417cb930f1689ce0596e1e7f96fb75bcd0f87f3fb165cfd359cbc62c5ca86582,ae7bfd91f75351a50960855b20faf66655c8856a,f7eb4578931cc1bc1d5041ecd4b27d47f393485a6c425f50c8124fea3eee0588,1b41ad963ec6b6f1d8bb05d78366bd0fa0da7e6f202402a8068af8907d2bcfa4,"PID STARTED
83088 Mon Sep 14 15:22:33 2026",,[],[]
timing,True,t4,cf-person-inbox,phase12-2,2026-09-15T07:26:45.530Z,650.4000000022352,12,1,14.200000002980232,22,50,043cd612f9658f02c496cf28ee535aec40cb5e25c0405e6414f6e72f84b15d28,043cd612f9658f02c496cf28ee535aec40cb5e25c0405e6414f6e72f84b15d28,visible source counts then runtime idle,request-failure-diagnostics,261.33516699999996,2302c51842be6d2f922dc77db9cff5ecba81a086c00722bf9bf6bb616d59ab5d,actual config captured once before mount; replayed only until runtime idle,"0:26  up  9:58, 14 users, load averages: 14.11 33.56 34.85","0:26  up  9:58, 14 users, load averages: 13.78 33.17 34.70",6d1a4f64619b196620b3653934997f488bc38cd79cd4a0248b89fa1bb0ed49c0,417cb930f1689ce0596e1e7f96fb75bcd0f87f3fb165cfd359cbc62c5ca86582,4b2b207e41347f70f7f4620e1277903b145364a6,caa0adec3aa9d24c4d1deb8181badc2ddbd0643ac2b65df30021568bbdac8acc,1b41ad963ec6b6f1d8bb05d78366bd0fa0da7e6f202402a8068af8907d2bcfa4,"PID STARTED
83088 Mon Sep 14 15:22:33 2026",,[],[]
timing,True,t4,header,phase12-2,2026-09-15T07:26:51.887Z,1361.4000000022352,662.7999999634922,959,673.2999999560416,2770,50,043cd612f9658f02c496cf28ee535aec40cb5e25c0405e6414f6e72f84b15d28,043cd612f9658f02c496cf28ee535aec40cb5e25c0405e6414f6e72f84b15d28,visible source counts then runtime idle,request-failure-diagnostics,245.277958,2302c51842be6d2f922dc77db9cff5ecba81a086c00722bf9bf6bb616d59ab5d,actual config captured once before mount; replayed only until runtime idle,"0:26  up  9:58, 14 users, load averages: 13.78 33.17 34.70","0:27  up  9:58, 14 users, load averages: 13.26 32.43 34.42",6d1a4f64619b196620b3653934997f488bc38cd79cd4a0248b89fa1bb0ed49c0,417cb930f1689ce0596e1e7f96fb75bcd0f87f3fb165cfd359cbc62c5ca86582,4b2b207e41347f70f7f4620e1277903b145364a6,caa0adec3aa9d24c4d1deb8181badc2ddbd0643ac2b65df30021568bbdac8acc,1b41ad963ec6b6f1d8bb05d78366bd0fa0da7e6f202402a8068af8907d2bcfa4,"PID STARTED
83088 Mon Sep 14 15:22:33 2026",,[],[]
timing,True,t4,selected-bubbles,phase12-2,2026-09-15T07:27:02.580Z,811,249.20000006258488,1206,262.0000000745058,3156,50,043cd612f9658f02c496cf28ee535aec40cb5e25c0405e6414f6e72f84b15d28,043cd612f9658f02c496cf28ee535aec40cb5e25c0405e6414f6e72f84b15d28,visible source counts then runtime idle,request-failure-diagnostics,321.549709,2302c51842be6d2f922dc77db9cff5ecba81a086c00722bf9bf6bb616d59ab5d,actual config captured once before mount; replayed only until runtime idle,"0:27  up  9:58, 14 users, load averages: 13.26 32.43 34.42","0:27  up  9:58, 14 users, load averages: 12.61 31.65 34.12",6d1a4f64619b196620b3653934997f488bc38cd79cd4a0248b89fa1bb0ed49c0,417cb930f1689ce0596e1e7f96fb75bcd0f87f3fb165cfd359cbc62c5ca86582,4b2b207e41347f70f7f4620e1277903b145364a6,caa0adec3aa9d24c4d1deb8181badc2ddbd0643ac2b65df30021568bbdac8acc,1b41ad963ec6b6f1d8bb05d78366bd0fa0da7e6f202402a8068af8907d2bcfa4,"PID STARTED
83088 Mon Sep 14 15:22:33 2026",,[],[]
timing,True,t4,selected-bubbles,phase12-3,2026-09-15T07:27:14.087Z,683,219.39999997615814,1206,228.39999998360872,3156,50,043cd612f9658f02c496cf28ee535aec40cb5e25c0405e6414f6e72f84b15d28,043cd612f9658f02c496cf28ee535aec40cb5e25c0405e6414f6e72f84b15d28,visible source counts then runtime idle,request-failure-diagnostics,376.02075,2302c51842be6d2f922dc77db9cff5ecba81a086c00722bf9bf6bb616d59ab5d,actual config captured once before mount; replayed only until runtime idle,"0:27  up  9:58, 14 users, load averages: 12.61 31.65 34.12","0:27  up  9:58, 14 users, load averages: 11.65 30.51 33.67",6d1a4f64619b196620b3653934997f488bc38cd79cd4a0248b89fa1bb0ed49c0,417cb930f1689ce0596e1e7f96fb75bcd0f87f3fb165cfd359cbc62c5ca86582,4b2b207e41347f70f7f4620e1277903b145364a6,caa0adec3aa9d24c4d1deb8181badc2ddbd0643ac2b65df30021568bbdac8acc,1b41ad963ec6b6f1d8bb05d78366bd0fa0da7e6f202402a8068af8907d2bcfa4,"PID STARTED
83088 Mon Sep 14 15:22:33 2026",,[],[]
timing,True,t4,header,phase12-3,2026-09-15T07:27:26.345Z,1700.4000000059605,767.8000001162291,959,785.6000001356006,2770,50,043cd612f9658f02c496cf28ee535aec40cb5e25c0405e6414f6e72f84b15d28,043cd612f9658f02c496cf28ee535aec40cb5e25c0405e6414f6e72f84b15d28,visible source counts then runtime idle,request-failure-diagnostics,348.88775000000004,2302c51842be6d2f922dc77db9cff5ecba81a086c00722bf9bf6bb616d59ab5d,actual config captured once before mount; replayed only until runtime idle,"0:27  up  9:58, 14 users, load averages: 11.65 30.51 33.67","0:27  up  9:58, 14 users, load averages: 10.24 29.27 33.18",6d1a4f64619b196620b3653934997f488bc38cd79cd4a0248b89fa1bb0ed49c0,417cb930f1689ce0596e1e7f96fb75bcd0f87f3fb165cfd359cbc62c5ca86582,4b2b207e41347f70f7f4620e1277903b145364a6,caa0adec3aa9d24c4d1deb8181badc2ddbd0643ac2b65df30021568bbdac8acc,1b41ad963ec6b6f1d8bb05d78366bd0fa0da7e6f202402a8068af8907d2bcfa4,"PID STARTED
83088 Mon Sep 14 15:22:33 2026",,[],[]
timing,True,t4,cf-person-inbox,phase12-3,2026-09-15T07:27:41.335Z,145.39999999850988,12.100000001490116,1,13.799999997019768,22,50,043cd612f9658f02c496cf28ee535aec40cb5e25c0405e6414f6e72f84b15d28,043cd612f9658f02c496cf28ee535aec40cb5e25c0405e6414f6e72f84b15d28,visible source counts then runtime idle,request-failure-diagnostics,501.36795900000004,2302c51842be6d2f922dc77db9cff5ecba81a086c00722bf9bf6bb616d59ab5d,actual config captured once before mount; replayed only until runtime idle,"0:27  up  9:58, 14 users, load averages: 10.24 29.27 33.18","0:27  up  9:59, 14 users, load averages: 9.74 28.85 33.00",6d1a4f64619b196620b3653934997f488bc38cd79cd4a0248b89fa1bb0ed49c0,417cb930f1689ce0596e1e7f96fb75bcd0f87f3fb165cfd359cbc62c5ca86582,4b2b207e41347f70f7f4620e1277903b145364a6,caa0adec3aa9d24c4d1deb8181badc2ddbd0643ac2b65df30021568bbdac8acc,1b41ad963ec6b6f1d8bb05d78366bd0fa0da7e6f202402a8068af8907d2bcfa4,"PID STARTED
83088 Mon Sep 14 15:22:33 2026",,[],[]
timing,True,t12,selected-bubbles,phase12-3,2026-09-15T07:27:48.754Z,355.29999999701977,89.49999998509884,13,91.09999999403954,1596,50,043cd612f9658f02c496cf28ee535aec40cb5e25c0405e6414f6e72f84b15d28,043cd612f9658f02c496cf28ee535aec40cb5e25c0405e6414f6e72f84b15d28,visible source counts then runtime idle,request-failure-diagnostics,259.59916699999997,2302c51842be6d2f922dc77db9cff5ecba81a086c00722bf9bf6bb616d59ab5d,actual config captured once before mount; replayed only until runtime idle,"0:27  up  9:59, 14 users, load averages: 9.74 28.85 33.00","0:27  up  9:59, 14 users, load averages: 9.09 28.09 32.68",6d1a4f64619b196620b3653934997f488bc38cd79cd4a0248b89fa1bb0ed49c0,417cb930f1689ce0596e1e7f96fb75bcd0f87f3fb165cfd359cbc62c5ca86582,ae7bfd91f75351a50960855b20faf66655c8856a,f7eb4578931cc1bc1d5041ecd4b27d47f393485a6c425f50c8124fea3eee0588,1b41ad963ec6b6f1d8bb05d78366bd0fa0da7e6f202402a8068af8907d2bcfa4,"PID STARTED
83088 Mon Sep 14 15:22:33 2026",,[],[]
timing,True,t12,header,phase12-3,2026-09-15T07:27:56.340Z,1019.5,482.0000000074506,14,484.7000000104308,1406,50,043cd612f9658f02c496cf28ee535aec40cb5e25c0405e6414f6e72f84b15d28,043cd612f9658f02c496cf28ee535aec40cb5e25c0405e6414f6e72f84b15d28,visible source counts then runtime idle,request-failure-diagnostics,198.84775000000002,2302c51842be6d2f922dc77db9cff5ecba81a086c00722bf9bf6bb616d59ab5d,actual config captured once before mount; replayed only until runtime idle,"0:27  up  9:59, 14 users, load averages: 9.09 28.09 32.68","0:28  up  9:59, 14 users, load averages: 9.24 27.80 32.55",6d1a4f64619b196620b3653934997f488bc38cd79cd4a0248b89fa1bb0ed49c0,417cb930f1689ce0596e1e7f96fb75bcd0f87f3fb165cfd359cbc62c5ca86582,ae7bfd91f75351a50960855b20faf66655c8856a,f7eb4578931cc1bc1d5041ecd4b27d47f393485a6c425f50c8124fea3eee0588,1b41ad963ec6b6f1d8bb05d78366bd0fa0da7e6f202402a8068af8907d2bcfa4,"PID STARTED
83088 Mon Sep 14 15:22:33 2026",,[],[]
timing,True,t12,cf-person-inbox,phase12-3,2026-09-15T07:28:04.059Z,129.60000000149012,8.799999997019768,1,10.299999997019768,18,50,043cd612f9658f02c496cf28ee535aec40cb5e25c0405e6414f6e72f84b15d28,043cd612f9658f02c496cf28ee535aec40cb5e25c0405e6414f6e72f84b15d28,visible source counts then runtime idle,request-failure-diagnostics,294.75541699999997,2302c51842be6d2f922dc77db9cff5ecba81a086c00722bf9bf6bb616d59ab5d,actual config captured once before mount; replayed only until runtime idle,"0:28  up  9:59, 14 users, load averages: 9.24 27.80 32.55","0:28  up  9:59, 14 users, load averages: 9.22 27.49 32.42",6d1a4f64619b196620b3653934997f488bc38cd79cd4a0248b89fa1bb0ed49c0,417cb930f1689ce0596e1e7f96fb75bcd0f87f3fb165cfd359cbc62c5ca86582,ae7bfd91f75351a50960855b20faf66655c8856a,f7eb4578931cc1bc1d5041ecd4b27d47f393485a6c425f50c8124fea3eee0588,1b41ad963ec6b6f1d8bb05d78366bd0fa0da7e6f202402a8068af8907d2bcfa4,"PID STARTED
83088 Mon Sep 14 15:22:33 2026",,[],[]
timing,True,t12,selected-bubbles,phase13-1,2026-09-15T07:28:27.279Z,697.3999999985099,175.59999998658895,13,178.1999999806285,1596,50,043cd612f9658f02c496cf28ee535aec40cb5e25c0405e6414f6e72f84b15d28,043cd612f9658f02c496cf28ee535aec40cb5e25c0405e6414f6e72f84b15d28,visible source counts then runtime idle,request-failure-diagnostics,430.416125,2302c51842be6d2f922dc77db9cff5ecba81a086c00722bf9bf6bb616d59ab5d,actual config captured once before mount; replayed only until runtime idle,"0:28  up  9:59, 14 users, load averages: 8.20 26.08 31.80","0:28  up  9:59, 14 users, load averages: 7.78 25.40 31.49",6d1a4f64619b196620b3653934997f488bc38cd79cd4a0248b89fa1bb0ed49c0,417cb930f1689ce0596e1e7f96fb75bcd0f87f3fb165cfd359cbc62c5ca86582,ae7bfd91f75351a50960855b20faf66655c8856a,f7eb4578931cc1bc1d5041ecd4b27d47f393485a6c425f50c8124fea3eee0588,1b41ad963ec6b6f1d8bb05d78366bd0fa0da7e6f202402a8068af8907d2bcfa4,"PID STARTED
83088 Mon Sep 14 15:22:33 2026",,[],[]
timing,True,t12,split-merge,phase13-1,2026-09-15T07:28:38.105Z,1286.7999999970198,894.5999999940395,10,897.400000013411,1588,50,043cd612f9658f02c496cf28ee535aec40cb5e25c0405e6414f6e72f84b15d28,043cd612f9658f02c496cf28ee535aec40cb5e25c0405e6414f6e72f84b15d28,visible source counts then runtime idle,request-failure-diagnostics,332.90175,2302c51842be6d2f922dc77db9cff5ecba81a086c00722bf9bf6bb616d59ab5d,actual config captured once before mount; replayed only until runtime idle,"0:28  up  9:59, 14 users, load averages: 7.78 25.40 31.49","0:29  up 10 hrs, 14 users, load averages: 7.48 23.92 30.78",6d1a4f64619b196620b3653934997f488bc38cd79cd4a0248b89fa1bb0ed49c0,417cb930f1689ce0596e1e7f96fb75bcd0f87f3fb165cfd359cbc62c5ca86582,ae7bfd91f75351a50960855b20faf66655c8856a,f7eb4578931cc1bc1d5041ecd4b27d47f393485a6c425f50c8124fea3eee0588,1b41ad963ec6b6f1d8bb05d78366bd0fa0da7e6f202402a8068af8907d2bcfa4,"PID STARTED
83088 Mon Sep 14 15:22:33 2026",,[],[]
timing,True,t12,cf-person-inbox,phase13-1,2026-09-15T07:29:00.295Z,126.39999999850988,10.299999997019768,1,11.800000004470348,18,50,043cd612f9658f02c496cf28ee535aec40cb5e25c0405e6414f6e72f84b15d28,043cd612f9658f02c496cf28ee535aec40cb5e25c0405e6414f6e72f84b15d28,visible source counts then runtime idle,request-failure-diagnostics,284.710875,2302c51842be6d2f922dc77db9cff5ecba81a086c00722bf9bf6bb616d59ab5d,actual config captured once before mount; replayed only until runtime idle,"0:29  up 10 hrs, 14 users, load averages: 7.48 23.92 30.78","0:29  up 10 hrs, 14 users, load averages: 7.48 23.92 30.78",6d1a4f64619b196620b3653934997f488bc38cd79cd4a0248b89fa1bb0ed49c0,417cb930f1689ce0596e1e7f96fb75bcd0f87f3fb165cfd359cbc62c5ca86582,ae7bfd91f75351a50960855b20faf66655c8856a,f7eb4578931cc1bc1d5041ecd4b27d47f393485a6c425f50c8124fea3eee0588,1b41ad963ec6b6f1d8bb05d78366bd0fa0da7e6f202402a8068af8907d2bcfa4,"PID STARTED
83088 Mon Sep 14 15:22:33 2026",,[],[]
timing,True,t12,cf-person-inbox,phase13-2,2026-09-15T07:29:04.573Z,135.29999999701977,9.699999995529652,1,11.200000002980232,18,50,043cd612f9658f02c496cf28ee535aec40cb5e25c0405e6414f6e72f84b15d28,043cd612f9658f02c496cf28ee535aec40cb5e25c0405e6414f6e72f84b15d28,visible source counts then runtime idle,request-failure-diagnostics,225.58070799999996,2302c51842be6d2f922dc77db9cff5ecba81a086c00722bf9bf6bb616d59ab5d,actual config captured once before mount; replayed only until runtime idle,"0:29  up 10 hrs, 14 users, load averages: 7.20 23.59 30.62","0:29  up 10 hrs, 14 users, load averages: 7.20 23.59 30.62",6d1a4f64619b196620b3653934997f488bc38cd79cd4a0248b89fa1bb0ed49c0,417cb930f1689ce0596e1e7f96fb75bcd0f87f3fb165cfd359cbc62c5ca86582,ae7bfd91f75351a50960855b20faf66655c8856a,f7eb4578931cc1bc1d5041ecd4b27d47f393485a6c425f50c8124fea3eee0588,1b41ad963ec6b6f1d8bb05d78366bd0fa0da7e6f202402a8068af8907d2bcfa4,"PID STARTED
83088 Mon Sep 14 15:22:33 2026",,[],[]
timing,True,t12,split-merge,phase13-2,2026-09-15T07:29:08.832Z,1217.1000000014901,809.2000000029802,10,812.900000013411,1588,50,043cd612f9658f02c496cf28ee535aec40cb5e25c0405e6414f6e72f84b15d28,043cd612f9658f02c496cf28ee535aec40cb5e25c0405e6414f6e72f84b15d28,visible source counts then runtime idle,request-failure-diagnostics,245.37754199999995,2302c51842be6d2f922dc77db9cff5ecba81a086c00722bf9bf6bb616d59ab5d,actual config captured once before mount; replayed only until runtime idle,"0:29  up 10 hrs, 14 users, load averages: 7.20 23.59 30.62","0:29  up 10 hrs, 14 users, load averages: 7.03 23.01 30.33",6d1a4f64619b196620b3653934997f488bc38cd79cd4a0248b89fa1bb0ed49c0,417cb930f1689ce0596e1e7f96fb75bcd0f87f3fb165cfd359cbc62c5ca86582,ae7bfd91f75351a50960855b20faf66655c8856a,f7eb4578931cc1bc1d5041ecd4b27d47f393485a6c425f50c8124fea3eee0588,1b41ad963ec6b6f1d8bb05d78366bd0fa0da7e6f202402a8068af8907d2bcfa4,"PID STARTED
83088 Mon Sep 14 15:22:33 2026",,[],[]
timing,True,t12,selected-bubbles,phase13-2,2026-09-15T07:29:18.727Z,417.3999999985099,102.60000000149012,10,103.90000001341105,1588,50,043cd612f9658f02c496cf28ee535aec40cb5e25c0405e6414f6e72f84b15d28,043cd612f9658f02c496cf28ee535aec40cb5e25c0405e6414f6e72f84b15d28,visible source counts then runtime idle,request-failure-diagnostics,238.491584,2302c51842be6d2f922dc77db9cff5ecba81a086c00722bf9bf6bb616d59ab5d,actual config captured once before mount; replayed only until runtime idle,"0:29  up 10 hrs, 14 users, load averages: 7.03 23.01 30.33","0:29  up 10 hrs, 14 users, load averages: 6.95 22.47 30.05",6d1a4f64619b196620b3653934997f488bc38cd79cd4a0248b89fa1bb0ed49c0,417cb930f1689ce0596e1e7f96fb75bcd0f87f3fb165cfd359cbc62c5ca86582,ae7bfd91f75351a50960855b20faf66655c8856a,f7eb4578931cc1bc1d5041ecd4b27d47f393485a6c425f50c8124fea3eee0588,1b41ad963ec6b6f1d8bb05d78366bd0fa0da7e6f202402a8068af8907d2bcfa4,"PID STARTED
83088 Mon Sep 14 15:22:33 2026",,[],[]
timing,True,t12,selected-bubbles,phase13-3,2026-09-15T07:29:27.797Z,715.8999999985099,185.00000000745058,13,186.80000000447035,1596,50,043cd612f9658f02c496cf28ee535aec40cb5e25c0405e6414f6e72f84b15d28,043cd612f9658f02c496cf28ee535aec40cb5e25c0405e6414f6e72f84b15d28,visible source counts then runtime idle,request-failure-diagnostics,270.26212499999997,2302c51842be6d2f922dc77db9cff5ecba81a086c00722bf9bf6bb616d59ab5d,actual config captured once before mount; replayed only until runtime idle,"0:29  up 10 hrs, 14 users, load averages: 6.95 22.47 30.05","0:29  up 10 hrs, 14 users, load averages: 7.26 22.02 29.81",6d1a4f64619b196620b3653934997f488bc38cd79cd4a0248b89fa1bb0ed49c0,417cb930f1689ce0596e1e7f96fb75bcd0f87f3fb165cfd359cbc62c5ca86582,ae7bfd91f75351a50960855b20faf66655c8856a,f7eb4578931cc1bc1d5041ecd4b27d47f393485a6c425f50c8124fea3eee0588,1b41ad963ec6b6f1d8bb05d78366bd0fa0da7e6f202402a8068af8907d2bcfa4,"PID STARTED
83088 Mon Sep 14 15:22:33 2026",,[],[]
timing,True,t12,split-merge,phase13-3,2026-09-15T07:29:36.305Z,1479.6999999955297,982.4999999850988,12,984.7999999895692,1596,50,043cd612f9658f02c496cf28ee535aec40cb5e25c0405e6414f6e72f84b15d28,043cd612f9658f02c496cf28ee535aec40cb5e25c0405e6414f6e72f84b15d28,visible source counts then runtime idle,request-failure-diagnostics,369.81979099999995,2302c51842be6d2f922dc77db9cff5ecba81a086c00722bf9bf6bb616d59ab5d,actual config captured once before mount; replayed only until runtime idle,"0:29  up 10 hrs, 14 users, load averages: 7.26 22.02 29.81","0:29  up 10:01, 14 users, load averages: 7.28 21.30 29.41",6d1a4f64619b196620b3653934997f488bc38cd79cd4a0248b89fa1bb0ed49c0,417cb930f1689ce0596e1e7f96fb75bcd0f87f3fb165cfd359cbc62c5ca86582,ae7bfd91f75351a50960855b20faf66655c8856a,f7eb4578931cc1bc1d5041ecd4b27d47f393485a6c425f50c8124fea3eee0588,1b41ad963ec6b6f1d8bb05d78366bd0fa0da7e6f202402a8068af8907d2bcfa4,"PID STARTED
83088 Mon Sep 14 15:22:33 2026",,[],[]
timing,True,t12,cf-person-inbox,phase13-3,2026-09-15T07:29:50.318Z,151.20000000298023,12.399999998509884,1,14.200000010430813,18,50,043cd612f9658f02c496cf28ee535aec40cb5e25c0405e6414f6e72f84b15d28,043cd612f9658f02c496cf28ee535aec40cb5e25c0405e6414f6e72f84b15d28,visible source counts then runtime idle,request-failure-diagnostics,418.876792,2302c51842be6d2f922dc77db9cff5ecba81a086c00722bf9bf6bb616d59ab5d,actual config captured once before mount; replayed only until runtime idle,"0:29  up 10:01, 14 users, load averages: 7.28 21.30 29.41","0:29  up 10:01, 14 users, load averages: 7.26 21.06 29.28",6d1a4f64619b196620b3653934997f488bc38cd79cd4a0248b89fa1bb0ed49c0,417cb930f1689ce0596e1e7f96fb75bcd0f87f3fb165cfd359cbc62c5ca86582,ae7bfd91f75351a50960855b20faf66655c8856a,f7eb4578931cc1bc1d5041ecd4b27d47f393485a6c425f50c8124fea3eee0588,1b41ad963ec6b6f1d8bb05d78366bd0fa0da7e6f202402a8068af8907d2bcfa4,"PID STARTED
83088 Mon Sep 14 15:22:33 2026",,[],[]
diagnostic,True,t12,split-merge,phase13cpu-nodes,2026-09-15T07:30:14.842Z,1331.5,874.4000000059605,10,878.3000000044703,1588,50,043cd612f9658f02c496cf28ee535aec40cb5e25c0405e6414f6e72f84b15d28,043cd612f9658f02c496cf28ee535aec40cb5e25c0405e6414f6e72f84b15d28,visible source counts then runtime idle,request-failure-diagnostics,273.6735,2302c51842be6d2f922dc77db9cff5ecba81a086c00722bf9bf6bb616d59ab5d,actual config captured once before mount; replayed only until runtime idle,"0:30  up 10:01, 14 users, load averages: 6.28 19.94 28.69","0:30  up 10:01, 14 users, load averages: 6.49 19.53 28.44",6d1a4f64619b196620b3653934997f488bc38cd79cd4a0248b89fa1bb0ed49c0,417cb930f1689ce0596e1e7f96fb75bcd0f87f3fb165cfd359cbc62c5ca86582,ae7bfd91f75351a50960855b20faf66655c8856a,f7eb4578931cc1bc1d5041ecd4b27d47f393485a6c425f50c8124fea3eee0588,1b41ad963ec6b6f1d8bb05d78366bd0fa0da7e6f202402a8068af8907d2bcfa4,"PID STARTED
83088 Mon Sep 14 15:22:33 2026",,[],[]
diagnostic,True,t12,selected-bubbles,phase12cpu-nodes,2026-09-15T07:31:00.229Z,473.8999999985099,115.50000000745058,10,117.10000002384186,1588,50,043cd612f9658f02c496cf28ee535aec40cb5e25c0405e6414f6e72f84b15d28,043cd612f9658f02c496cf28ee535aec40cb5e25c0405e6414f6e72f84b15d28,visible source counts then runtime idle,request-failure-diagnostics,881.5173330000001,2302c51842be6d2f922dc77db9cff5ecba81a086c00722bf9bf6bb616d59ab5d,actual config captured once before mount; replayed only until runtime idle,"0:31  up 10:02, 14 users, load averages: 8.99 18.61 27.74","0:31  up 10:02, 14 users, load averages: 11.45 18.82 27.71",6d1a4f64619b196620b3653934997f488bc38cd79cd4a0248b89fa1bb0ed49c0,417cb930f1689ce0596e1e7f96fb75bcd0f87f3fb165cfd359cbc62c5ca86582,ae7bfd91f75351a50960855b20faf66655c8856a,f7eb4578931cc1bc1d5041ecd4b27d47f393485a6c425f50c8124fea3eee0588,1b41ad963ec6b6f1d8bb05d78366bd0fa0da7e6f202402a8068af8907d2bcfa4,"PID STARTED
83088 Mon Sep 14 15:22:33 2026",,[],[]
timing,True,t4,selected-bubbles,phase14-1,2026-09-15T07:57:11.300Z,825.3999999985099,297.60000003129244,1206,314.100000038743,3156,50,043cd612f9658f02c496cf28ee535aec40cb5e25c0405e6414f6e72f84b15d28,043cd612f9658f02c496cf28ee535aec40cb5e25c0405e6414f6e72f84b15d28,visible source counts then runtime idle,request-failure-diagnostics,239.1460830000001,2302c51842be6d2f922dc77db9cff5ecba81a086c00722bf9bf6bb616d59ab5d,actual config captured once before mount; replayed only until runtime idle,"0:57  up 10:28, 14 users, load averages: 11.92 18.94 24.65","0:57  up 10:28, 14 users, load averages: 12.49 18.83 24.54",6d1a4f64619b196620b3653934997f488bc38cd79cd4a0248b89fa1bb0ed49c0,417cb930f1689ce0596e1e7f96fb75bcd0f87f3fb165cfd359cbc62c5ca86582,4b2b207e41347f70f7f4620e1277903b145364a6,caa0adec3aa9d24c4d1deb8181badc2ddbd0643ac2b65df30021568bbdac8acc,1b41ad963ec6b6f1d8bb05d78366bd0fa0da7e6f202402a8068af8907d2bcfa4,"PID STARTED
83088 Mon Sep 14 15:22:33 2026",,[],[]
timing,True,t4,cf-person-inbox,phase14-1,2026-09-15T07:57:21.572Z,342,16.5,1,19.50000000745058,22,50,043cd612f9658f02c496cf28ee535aec40cb5e25c0405e6414f6e72f84b15d28,043cd612f9658f02c496cf28ee535aec40cb5e25c0405e6414f6e72f84b15d28,visible source counts then runtime idle,request-failure-diagnostics,272.87020900000005,2302c51842be6d2f922dc77db9cff5ecba81a086c00722bf9bf6bb616d59ab5d,actual config captured once before mount; replayed only until runtime idle,"0:57  up 10:28, 14 users, load averages: 12.49 18.83 24.54","0:57  up 10:28, 14 users, load averages: 11.73 18.57 24.41",6d1a4f64619b196620b3653934997f488bc38cd79cd4a0248b89fa1bb0ed49c0,417cb930f1689ce0596e1e7f96fb75bcd0f87f3fb165cfd359cbc62c5ca86582,4b2b207e41347f70f7f4620e1277903b145364a6,caa0adec3aa9d24c4d1deb8181badc2ddbd0643ac2b65df30021568bbdac8acc,1b41ad963ec6b6f1d8bb05d78366bd0fa0da7e6f202402a8068af8907d2bcfa4,"PID STARTED
83088 Mon Sep 14 15:22:33 2026",,[],[]
timing,True,t12,selected-bubbles,phase14-1,2026-09-15T07:57:29.738Z,622.2999999970198,161.20000000298023,10,163.60000001639128,1588,50,043cd612f9658f02c496cf28ee535aec40cb5e25c0405e6414f6e72f84b15d28,043cd612f9658f02c496cf28ee535aec40cb5e25c0405e6414f6e72f84b15d28,visible source counts then runtime idle,request-failure-diagnostics,377.100917,2302c51842be6d2f922dc77db9cff5ecba81a086c00722bf9bf6bb616d59ab5d,actual config captured once before mount; replayed only until runtime idle,"0:57  up 10:28, 14 users, load averages: 11.73 18.57 24.41","0:57  up 10:28, 14 users, load averages: 11.15 18.10 24.14",6d1a4f64619b196620b3653934997f488bc38cd79cd4a0248b89fa1bb0ed49c0,417cb930f1689ce0596e1e7f96fb75bcd0f87f3fb165cfd359cbc62c5ca86582,ae7bfd91f75351a50960855b20faf66655c8856a,f7eb4578931cc1bc1d5041ecd4b27d47f393485a6c425f50c8124fea3eee0588,1b41ad963ec6b6f1d8bb05d78366bd0fa0da7e6f202402a8068af8907d2bcfa4,"PID STARTED
83088 Mon Sep 14 15:22:33 2026",,[],[]
timing,True,t12,cf-person-inbox,phase14-1,2026-09-15T07:57:40.406Z,119.79999999701977,10.399999998509884,1,12,18,50,043cd612f9658f02c496cf28ee535aec40cb5e25c0405e6414f6e72f84b15d28,043cd612f9658f02c496cf28ee535aec40cb5e25c0405e6414f6e72f84b15d28,visible source counts then runtime idle,request-failure-diagnostics,323.451084,2302c51842be6d2f922dc77db9cff5ecba81a086c00722bf9bf6bb616d59ab5d,actual config captured once before mount; replayed only until runtime idle,"0:57  up 10:28, 14 users, load averages: 11.15 18.10 24.14","0:57  up 10:29, 14 users, load averages: 10.73 17.90 24.04",6d1a4f64619b196620b3653934997f488bc38cd79cd4a0248b89fa1bb0ed49c0,417cb930f1689ce0596e1e7f96fb75bcd0f87f3fb165cfd359cbc62c5ca86582,ae7bfd91f75351a50960855b20faf66655c8856a,f7eb4578931cc1bc1d5041ecd4b27d47f393485a6c425f50c8124fea3eee0588,1b41ad963ec6b6f1d8bb05d78366bd0fa0da7e6f202402a8068af8907d2bcfa4,"PID STARTED
83088 Mon Sep 14 15:22:33 2026",,[],[]
timing,True,t12,cf-person-inbox,phase14-2,2026-09-15T07:57:47.388Z,129.90000000596046,9.600000001490116,1,11,18,50,043cd612f9658f02c496cf28ee535aec40cb5e25c0405e6414f6e72f84b15d28,043cd612f9658f02c496cf28ee535aec40cb5e25c0405e6414f6e72f84b15d28,visible source counts then runtime idle,request-failure-diagnostics,412.385084,2302c51842be6d2f922dc77db9cff5ecba81a086c00722bf9bf6bb616d59ab5d,actual config captured once before mount; replayed only until runtime idle,"0:57  up 10:29, 14 users, load averages: 10.73 17.90 24.04","0:57  up 10:29, 14 users, load averages: 10.27 17.68 23.92",6d1a4f64619b196620b3653934997f488bc38cd79cd4a0248b89fa1bb0ed49c0,417cb930f1689ce0596e1e7f96fb75bcd0f87f3fb165cfd359cbc62c5ca86582,ae7bfd91f75351a50960855b20faf66655c8856a,f7eb4578931cc1bc1d5041ecd4b27d47f393485a6c425f50c8124fea3eee0588,1b41ad963ec6b6f1d8bb05d78366bd0fa0da7e6f202402a8068af8907d2bcfa4,"PID STARTED
83088 Mon Sep 14 15:22:33 2026",,[],[]
timing,True,t12,selected-bubbles,phase14-2,2026-09-15T07:57:52.479Z,504.19999999552965,125,10,126.60000000149012,1588,50,043cd612f9658f02c496cf28ee535aec40cb5e25c0405e6414f6e72f84b15d28,043cd612f9658f02c496cf28ee535aec40cb5e25c0405e6414f6e72f84b15d28,visible source counts then runtime idle,request-failure-diagnostics,274.11241699999994,2302c51842be6d2f922dc77db9cff5ecba81a086c00722bf9bf6bb616d59ab5d,actual config captured once before mount; replayed only until runtime idle,"0:57  up 10:29, 14 users, load averages: 10.27 17.68 23.92","0:58  up 10:29, 14 users, load averages: 10.26 17.43 23.76",6d1a4f64619b196620b3653934997f488bc38cd79cd4a0248b89fa1bb0ed49c0,417cb930f1689ce0596e1e7f96fb75bcd0f87f3fb165cfd359cbc62c5ca86582,ae7bfd91f75351a50960855b20faf66655c8856a,f7eb4578931cc1bc1d5041ecd4b27d47f393485a6c425f50c8124fea3eee0588,1b41ad963ec6b6f1d8bb05d78366bd0fa0da7e6f202402a8068af8907d2bcfa4,"PID STARTED
83088 Mon Sep 14 15:22:33 2026",,[],[]
timing,True,t4,cf-person-inbox,phase14-2,2026-09-15T07:58:01.404Z,129.20000000298023,9,1,10.400000005960464,22,50,043cd612f9658f02c496cf28ee535aec40cb5e25c0405e6414f6e72f84b15d28,043cd612f9658f02c496cf28ee535aec40cb5e25c0405e6414f6e72f84b15d28,visible source counts then runtime idle,request-failure-diagnostics,269.23041700000005,2302c51842be6d2f922dc77db9cff5ecba81a086c00722bf9bf6bb616d59ab5d,actual config captured once before mount; replayed only until runtime idle,"0:58  up 10:29, 14 users, load averages: 10.26 17.43 23.76","0:58  up 10:29, 14 users, load averages: 9.68 17.19 23.64",6d1a4f64619b196620b3653934997f488bc38cd79cd4a0248b89fa1bb0ed49c0,417cb930f1689ce0596e1e7f96fb75bcd0f87f3fb165cfd359cbc62c5ca86582,4b2b207e41347f70f7f4620e1277903b145364a6,caa0adec3aa9d24c4d1deb8181badc2ddbd0643ac2b65df30021568bbdac8acc,1b41ad963ec6b6f1d8bb05d78366bd0fa0da7e6f202402a8068af8907d2bcfa4,"PID STARTED
83088 Mon Sep 14 15:22:33 2026",,[],[]
timing,True,t4,selected-bubbles,phase14-2,2026-09-15T07:58:05.752Z,623.3000000044703,190.70000002533197,1206,199.1000000089407,3156,50,043cd612f9658f02c496cf28ee535aec40cb5e25c0405e6414f6e72f84b15d28,043cd612f9658f02c496cf28ee535aec40cb5e25c0405e6414f6e72f84b15d28,visible source counts then runtime idle,request-failure-diagnostics,254.11783299999996,2302c51842be6d2f922dc77db9cff5ecba81a086c00722bf9bf6bb616d59ab5d,actual config captured once before mount; replayed only until runtime idle,"0:58  up 10:29, 14 users, load averages: 9.68 17.19 23.64","0:58  up 10:29, 14 users, load averages: 9.26 16.85 23.44",6d1a4f64619b196620b3653934997f488bc38cd79cd4a0248b89fa1bb0ed49c0,417cb930f1689ce0596e1e7f96fb75bcd0f87f3fb165cfd359cbc62c5ca86582,4b2b207e41347f70f7f4620e1277903b145364a6,caa0adec3aa9d24c4d1deb8181badc2ddbd0643ac2b65df30021568bbdac8acc,1b41ad963ec6b6f1d8bb05d78366bd0fa0da7e6f202402a8068af8907d2bcfa4,"PID STARTED
83088 Mon Sep 14 15:22:33 2026",,[],[]
timing,True,t4,selected-bubbles,phase14-3,2026-09-15T07:58:15.757Z,621.6999999955297,195.10000003129244,1206,203.49999998509884,3156,50,043cd612f9658f02c496cf28ee535aec40cb5e25c0405e6414f6e72f84b15d28,043cd612f9658f02c496cf28ee535aec40cb5e25c0405e6414f6e72f84b15d28,visible source counts then runtime idle,request-failure-diagnostics,339.270833,2302c51842be6d2f922dc77db9cff5ecba81a086c00722bf9bf6bb616d59ab5d,actual config captured once before mount; replayed only until runtime idle,"0:58  up 10:29, 14 users, load averages: 9.26 16.85 23.44","0:58  up 10:29, 14 users, load averages: 8.45 16.30 23.13",6d1a4f64619b196620b3653934997f488bc38cd79cd4a0248b89fa1bb0ed49c0,417cb930f1689ce0596e1e7f96fb75bcd0f87f3fb165cfd359cbc62c5ca86582,4b2b207e41347f70f7f4620e1277903b145364a6,caa0adec3aa9d24c4d1deb8181badc2ddbd0643ac2b65df30021568bbdac8acc,1b41ad963ec6b6f1d8bb05d78366bd0fa0da7e6f202402a8068af8907d2bcfa4,"PID STARTED
83088 Mon Sep 14 15:22:33 2026",,[],"[{""url"": ""http://localhost:8022/_health"", ""method"": ""GET"", ""failure"": {""errorText"": ""net::ERR_ABORTED""}}]"
timing,True,t4,cf-person-inbox,phase14-3,2026-09-15T07:58:31.605Z,141.79999999701977,12.299999997019768,1,14.299999974668026,22,50,043cd612f9658f02c496cf28ee535aec40cb5e25c0405e6414f6e72f84b15d28,043cd612f9658f02c496cf28ee535aec40cb5e25c0405e6414f6e72f84b15d28,visible source counts then runtime idle,request-failure-diagnostics,344.47070900000006,2302c51842be6d2f922dc77db9cff5ecba81a086c00722bf9bf6bb616d59ab5d,actual config captured once before mount; replayed only until runtime idle,"0:58  up 10:29, 14 users, load averages: 8.45 16.30 23.13","0:58  up 10:29, 14 users, load averages: 8.26 16.13 23.03",6d1a4f64619b196620b3653934997f488bc38cd79cd4a0248b89fa1bb0ed49c0,417cb930f1689ce0596e1e7f96fb75bcd0f87f3fb165cfd359cbc62c5ca86582,4b2b207e41347f70f7f4620e1277903b145364a6,caa0adec3aa9d24c4d1deb8181badc2ddbd0643ac2b65df30021568bbdac8acc,1b41ad963ec6b6f1d8bb05d78366bd0fa0da7e6f202402a8068af8907d2bcfa4,"PID STARTED
83088 Mon Sep 14 15:22:33 2026",,[],[]
timing,True,t12,selected-bubbles,phase14-3,2026-09-15T07:58:36.713Z,687.1999999955297,174.59999999403954,10,176.89999996125698,1588,50,043cd612f9658f02c496cf28ee535aec40cb5e25c0405e6414f6e72f84b15d28,043cd612f9658f02c496cf28ee535aec40cb5e25c0405e6414f6e72f84b15d28,visible source counts then runtime idle,request-failure-diagnostics,260.812125,2302c51842be6d2f922dc77db9cff5ecba81a086c00722bf9bf6bb616d59ab5d,actual config captured once before mount; replayed only until runtime idle,"0:58  up 10:29, 14 users, load averages: 8.26 16.13 23.03","0:58  up 10:30, 14 users, load averages: 23.08 19.02 23.97",6d1a4f64619b196620b3653934997f488bc38cd79cd4a0248b89fa1bb0ed49c0,417cb930f1689ce0596e1e7f96fb75bcd0f87f3fb165cfd359cbc62c5ca86582,ae7bfd91f75351a50960855b20faf66655c8856a,f7eb4578931cc1bc1d5041ecd4b27d47f393485a6c425f50c8124fea3eee0588,1b41ad963ec6b6f1d8bb05d78366bd0fa0da7e6f202402a8068af8907d2bcfa4,"PID STARTED
83088 Mon Sep 14 15:22:33 2026",,[],[]
timing,True,t12,cf-person-inbox,phase14-3,2026-09-15T07:58:48.096Z,220.5,16.900000005960464,1,19.50000001490116,18,50,043cd612f9658f02c496cf28ee535aec40cb5e25c0405e6414f6e72f84b15d28,043cd612f9658f02c496cf28ee535aec40cb5e25c0405e6414f6e72f84b15d28,visible source counts then runtime idle,request-failure-diagnostics,3037.169083,2302c51842be6d2f922dc77db9cff5ecba81a086c00722bf9bf6bb616d59ab5d,actual config captured once before mount; replayed only until runtime idle,"0:58  up 10:30, 14 users, load averages: 23.08 19.02 23.97","0:58  up 10:30, 14 users, load averages: 35.55 21.89 24.94",6d1a4f64619b196620b3653934997f488bc38cd79cd4a0248b89fa1bb0ed49c0,417cb930f1689ce0596e1e7f96fb75bcd0f87f3fb165cfd359cbc62c5ca86582,ae7bfd91f75351a50960855b20faf66655c8856a,f7eb4578931cc1bc1d5041ecd4b27d47f393485a6c425f50c8124fea3eee0588,1b41ad963ec6b6f1d8bb05d78366bd0fa0da7e6f202402a8068af8907d2bcfa4,"PID STARTED
83088 Mon Sep 14 15:22:33 2026",,[],[]
